$date
	Sat Nov  2 12:54:48 2024
$end
$version
	Icarus Verilog
$end
$timescale
	1s
$end
$scope module quadrature_oscillator_sync_tb $end
$var wire 16 ! accu_re [15:0] $end
$var wire 16 " accu_im [15:0] $end
$var reg 16 # accu_im_init [15:0] $end
$var reg 16 $ accu_re_init [15:0] $end
$var reg 1 % clk $end
$var reg 16 & im_coeff [15:0] $end
$var reg 1 ' load $end
$var reg 16 ( power [15:0] $end
$var reg 16 ) re_coeff [15:0] $end
$var integer 32 * i [31:0] $end
$var integer 32 + num_iterations [31:0] $end
$scope module uut $end
$var wire 16 , accu_im_init [15:0] $end
$var wire 16 - accu_re_init [15:0] $end
$var wire 1 % clk $end
$var wire 16 . im_coeff [15:0] $end
$var wire 1 ' load $end
$var wire 16 / power [15:0] $end
$var wire 16 0 re_coeff [15:0] $end
$var reg 32 1 ac3 [31:0] $end
$var reg 16 2 accu_im [15:0] $end
$var reg 16 3 accu_re [15:0] $end
$var reg 16 4 t0 [15:0] $end
$var reg 32 5 temp_im [31:0] $end
$var reg 32 6 temp_re [31:0] $end
$var reg 16 7 tmph_im [15:0] $end
$var reg 16 8 tmph_re [15:0] $end
$upscope $end
$upscope $end
$enddefinitions $end
#0
$dumpvars
bx 8
bx 7
bx 6
bx 5
bx 4
bx 3
bx 2
bx 1
b111110100110100 0
b10000000000 /
b1101010011101 .
b100000 -
b0 ,
b1111101000 +
bx *
b111110100110100 )
b10000000000 (
1'
b1101010011101 &
0%
b100000 $
b0 #
bx "
bx !
$end
#5
b0 "
b0 2
b100000 !
b100000 3
1%
#10
0%
b0 *
0'
#15
b110 "
b110 2
b1111111111 4
b11111111111111110000011011 1
b110 7
b11111 8
b110110101110011010 5
b100000010001001100001 6
1%
#20
0%
b1 *
#25
b1100 "
b1100 2
b11110 !
b11110 3
b11111111111111101111101100 1
b1100 7
b11110 8
b1100111001011001100 5
b11110111111010110100 6
1%
#30
0%
b10 *
#35
b10010 "
b10010 2
b11011 !
b11011 3
b11111111111111110000111011 1
b10001 7
b11010 8
b10010100000011000101 5
b11011101010010100010 6
1%
#40
0%
b11 *
#45
b10111 "
b10111 2
b10111 !
b10111 3
b11111111111111110000001011 1
b10111 7
b10110 8
b10111111100000100000 5
b10111010110101011100 6
1%
#50
0%
b100 *
#55
b11100 "
b11100 2
b10010 !
b10010 3
b11111111111111110000000110 1
b11011 7
b10001 8
b11100000111110101100 5
b10010001111110000000 6
1%
#60
0%
b101 *
#65
b100000 "
b100000 2
b1100 !
b1100 3
b11111111111111101111000110 1
b11111 7
b1011 8
b100000000110010011011 5
b1100001000001110001 6
1%
#70
0%
b110 *
#75
b100010 "
b100010 2
b101 !
b101 3
b11111111111111101110100110 1
b100001 7
b101 8
b100010110100110111011 5
b101001111011001011 6
1%
#80
0%
b111 *
#85
b100011 "
b100011 2
b1111111111111101 !
b1111111111111101 3
b11111111111111101101110011 1
b100010 7
b1111111111111101 8
b100011010110111010111 5
b11111111111111101101110100101101 6
1%
#90
0%
b1000 *
#95
b100010 "
b100010 2
b1111111111110101 !
b1111111111110101 3
b11111111111111101101000110 1
b100001 7
b1111111111110101 8
b100010101001000100100 5
b11111111111110101011100011111000 6
1%
#100
0%
b1001 *
#105
b11111 "
b11111 2
b1111111111101101 !
b1111111111101101 3
b11111111111111101100111000 1
b11110 7
b1111111111101110 8
b11111111010000001011 5
b11111111111101101100110111111100 6
1%
#110
0%
b1010 *
#115
b11011 "
b11011 2
b1111111111100110 !
b1111111111100110 3
b11111111111111101010111000 1
b11010 7
b1111111111100110 8
b11011001011110001011 5
b11111111111100110001010000111011 6
1%
#120
0%
b1011 *
#125
b10101 "
b10101 2
b1111111111011111 !
b1111111111011111 3
b11111111111111101001000111 1
b10101 7
b1111111111100000 8
b10101101010001110101 5
b11111111111011111111101001001001 6
1%
#130
0%
b1100 *
#135
b1110 "
b1110 2
b1111111111011010 !
b1111111111011010 3
b11111111111111100111111110 1
b1101 7
b1111111111011011 8
b1110000101011111010 5
b11111111111011010001100110010000 6
1%
#140
0%
b1101 *
#145
b101 "
b101 2
b1111111111010110 !
b1111111111010110 3
b11111111111111100101010110 1
b101 7
b1111111111010111 8
b101111100110000101 5
b11111111111010110101000111011011 6
1%
#150
0%
b1110 *
#155
b1111111111111100 "
b1111111111111100 2
b1111111111010100 !
b1111111111010100 3
b11111111111111100010110111 1
b1111111111111100 7
b1111111111010101 8
b11111111111111100000010001000110 5
b11111111111010100100010010010010 6
1%
#160
0%
b1111 *
#165
b1111111111110010 "
b1111111111110010 2
b11111111111111100000000011 1
b1111111111110010 7
b11111111111110010100000001000010 5
b11111111111010100011100110101111 6
1%
#170
0%
b10000 *
#175
b1111111111101000 "
b1111111111101000 2
b1111111111010110 !
b1111111111010110 3
b11111111111111011101011110 1
b1111111111101001 7
b1111111111010111 8
b11111111111101000011100001000011 5
b11111111111010110100101111001111 6
1%
#180
0%
b10001 *
#185
b1111111111011110 "
b1111111111011110 2
b1111111111011010 !
b1111111111011010 3
b11111111111111011001100110 1
b1111111111011111 7
b1111111111011011 8
b11111111111011110110000101111111 5
b11111111111011010110000001010101 6
1%
#190
0%
b10010 *
#195
b1111111111010101 "
b1111111111010101 2
b1111111111100000 !
b1111111111100000 3
b11111111111111010101011011 1
b1111111111010110 7
b1111111111100001 8
b11111111111010101100001111110100 5
b11111111111100000111011101000001 6
1%
#200
0%
b10011 *
#205
b1111111111001101 "
b1111111111001101 2
b1111111111101000 !
b1111111111101000 3
b11111111111111010010001110 1
b1111111111001111 7
b1111111111101001 8
b11111111111001101110000011010101 5
b11111111111101000111010111110110 6
1%
#210
0%
b10100 *
#215
b1111111111000111 "
b1111111111000111 2
b1111111111110010 !
b1111111111110010 3
b11111111111111001110000110 1
b1111111111001001 7
b1111111111110011 8
b11111111111000111011010000100011 5
b11111111111110010101110001110100 6
1%
#220
0%
b10101 *
#225
b1111111111000011 "
b1111111111000011 2
b1111111111111110 !
b1111111111111110 3
b11111111111111001001100011 1
b1111111111000101 7
b1111111111111110 8
b11111111111000011011111100010001 5
b11111111111111110000110000011111 6
1%
#230
0%
b10110 *
#235
b1111111111000010 "
b1111111111000010 2
b1011 !
b1011 3
b11111111111111000100010011 1
b1111111111000011 7
b1010 8
b11111111111000010000000110011111 5
b1011000010011110111 6
1%
#240
0%
b10111 *
#245
b1111111111000011 "
b1111111111000011 2
b11000 !
b11000 3
b11111111111111000001010110 1
b1111111111000101 7
b10111 8
b11111111111000011110011001100010 5
b11000010111100101011 6
1%
#250
0%
b11000 *
#255
b1111111111000111 "
b1111111111000111 2
b100101 !
b100101 3
b11111111111110111100011111 1
b1111111111001001 7
b100100 8
b11111111111000111100110110001011 5
b100101010010000100101 6
1%
#260
0%
b11001 *
#265
b1111111111001110 "
b1111111111001110 2
b110001 !
b110001 3
b11111111111110110110011111 1
b1111111111001111 7
b110000 8
b11111111111001110011010001001110 5
b110001100010101001001 6
1%
#270
0%
b11010 *
#275
b1111111111011000 "
b1111111111011000 2
b111100 !
b111100 3
b11111111111110110011101011 1
b1111111111011001 7
b111010 8
b11111111111011000000100000001100 5
b111100001000101100100 6
1%
#280
0%
b11011 *
#285
b1111111111100100 "
b1111111111100100 2
b1000101 !
b1000101 3
b11111111111110101110011110 1
b1111111111100101 7
b1000011 8
b11111111111100100100000011000111 5
b1000101000110001110101 6
1%
#290
0%
b11100 *
#295
b1111111111110010 "
b1111111111110010 2
b1001011 !
b1001011 3
b11111111111110101001101011 1
b1111111111110010 7
b1001001 8
b11111111111110010100001010101111 5
b1001011100101111100111 6
1%
#300
0%
b11101 *
#305
b1 "
b1 2
b1001110 !
b1001110 3
b11111111111110100101101111 1
b1 7
b1001100 8
b1111011100100110 5
b1001110101001010000110 6
1%
#310
0%
b11110 *
#315
b10001 "
b10001 2
b11111111111110100001001111 1
b10001 7
b10001101110011111001 5
b1001110011101011101111 6
1%
#320
0%
b11111 *
#325
b100001 "
b100001 2
b1001011 !
b1001011 3
b11111111111110011111000000 1
b100000 7
b1001000 8
b100001110110000101010 5
b1001011000000100100011 6
1%
#330
0%
b100000 *
#335
b110001 "
b110001 2
b1000100 !
b1000100 3
b11111111111110011001011011 1
b101111 7
b1000010 8
b110001010101110000100 5
b1000100100011110111101 6
1%
#340
0%
b100001 *
#345
b1000000 "
b1000000 2
b111010 !
b111010 3
b11111111111110010010111100 1
b111110 7
b111000 8
b1000000000000001101010 5
b111010000100110001011 6
1%
#350
0%
b100010 *
#355
b1001100 "
b1001100 2
b101100 !
b101100 3
b11111111111110001101100011 1
b1001010 7
b101011 8
b1001100111110001001000 5
b101100110001001011101 6
1%
#360
0%
b100011 *
#365
b1010110 "
b1010110 2
b11100 !
b11100 3
b11111111111110001000111110 1
b1010011 7
b11011 8
b1010110000101000011001 5
b11100000101000111001 6
1%
#370
0%
b100100 *
#375
b1011100 "
b1011100 2
b1001 !
b1001 3
b11111111111110000010111110 1
b1011001 7
b1001 8
b1011100101110001001011 5
b1001110010011101001 6
1%
#380
0%
b100101 *
#385
b1011110 "
b1011110 2
b1111111111110101 !
b1111111111110101 3
b11111111111101111100101110 1
b1011011 7
b1111111111110101 8
b1011110101100111011010 5
b11111111111110101010101001110011 6
1%
#390
0%
b100110 *
#395
b1011100 "
b1011100 2
b1111111111100000 !
b1111111111100000 3
b11111111111101110101001110 1
b1011001 7
b1111111111100001 8
b1011100011100000000000 5
b11111111111100000101110100111101 6
1%
#400
0%
b100111 *
#405
b1010101 "
b1010101 2
b1111111111001011 !
b1111111111001011 3
b11111111111101101011101110 1
b1010011 7
b1111111111001101 8
b1010101111011010111101 5
b11111111111001011111110101000111 6
1%
#410
0%
b101000 *
#415
b1001010 "
b1001010 2
b1111111110111000 !
b1111111110111000 3
b11111111111101100010011100 1
b1001000 7
b1111111110111010 8
b1001010010111101111011 5
b11111111110111000010011001100001 6
1%
#420
0%
b101001 *
#425
b111011 "
b111011 2
b1111111110100111 !
b1111111110100111 3
b11111111111101011001101011 1
b111001 7
b1111111110101010 8
b111011001100010100111 5
b11111111110100111100000001010100 6
1%
#430
0%
b101010 *
#435
b101000 "
b101000 2
b1111111110011001 !
b1111111110011001 3
b11111111111101001011111111 1
b100111 7
b1111111110011100 8
b101000011011001000000 5
b11111111110011001100011100100001 6
1%
#440
0%
b101011 *
#445
b10010 "
b10010 2
b1111111110001111 !
b1111111110001111 3
b11111111111100111110011011 1
b10001 7
b1111111110010010 8
b10010001111011100100 5
b11111111110001111011111111111010 6
1%
#450
0%
b101100 *
#455
b1111111111111001 "
b1111111111111001 2
b1111111110001010 !
b1111111110001010 3
b11111111111100110000110011 1
b1111111111111010 7
b1111111110001101 8
b11111111111111001111011001100001 5
b11111111110001010001000101110101 6
1%
#460
0%
b101101 *
#465
b1111111111011111 "
b1111111111011111 2
b11111111111100100100111100 1
b1111111111100000 7
b1111111110001110 8
b11111111111011111100111101010110 5
b11111111110001010011110011000101 6
1%
#470
0%
b101110 *
#475
b1111111111000101 "
b1111111111000101 2
b1111111110010000 !
b1111111110010000 3
b11111111111100010011100110 1
b1111111111000111 7
b1111111110010011 8
b11111111111000101011010000100111 5
b11111111110010000000010010110010 6
1%
#480
0%
b101111 *
#485
b1111111110101100 "
b1111111110101100 2
b1111111110011011 !
b1111111110011011 3
b11111111111100000011011011 1
b1111111110101111 7
b1111111110011110 8
b11111111110101100011110010100101 5
b11111111110011011101001111010001 6
1%
#490
0%
b110000 *
#495
b1111111110010101 "
b1111111110010101 2
b1111111110101100 !
b1111111110101100 3
b11111111111011101101111100 1
b1111111110011000 7
b1111111110101110 8
b11111111110010101100101101100111 5
b11111111110101100000111001010010 6
1%
#500
0%
b110001 *
#505
b1111111110000010 "
b1111111110000010 2
b1111111111000010 !
b1111111111000010 3
b11111111111011011011010111 1
b1111111110000101 7
b1111111111000100 8
b11111111110000010000010000111011 5
b11111111111000010001101011001011 6
1%
#510
0%
b110010 *
#515
b1111111101110011 "
b1111111101110011 2
b1111111111011100 !
b1111111111011100 3
b11111111111011000111100110 1
b1111111101110111 7
b1111111111011101 8
b11111111101110011100101011101011 5
b11111111111011100011101011010001 6
1%
#520
0%
b110011 *
#525
b1111111101101010 "
b1111111101101010 2
b1111111111111001 !
b1111111111111001 3
b11111111111010110010011000 1
b1111111101101110 7
b1111111111111010 8
b11111111101101010000010011011010 5
b11111111111111001111010100101111 6
1%
#530
0%
b110100 *
#535
b1111111101100111 "
b1111111101100111 2
b11001 !
b11001 3
b11111111111010011100000111 1
b1111111101101011 7
b11000 8
b11111111101100111001010111010010 5
b11001000101101111010 6
1%
#540
0%
b110101 *
#545
b1111111101101011 "
b1111111101101011 2
b111010 !
b111010 3
b11111111111010000110011111 1
b1111111101101111 7
b111000 8
b11111111101101011000000111010010 5
b111010000000110110001 6
1%
#550
0%
b110110 *
#555
b1111111101110110 "
b1111111101110110 2
b1011010 !
b1011010 3
b11111111111001110001001011 1
b1111111101111010 7
b1010111 8
b11111111101110110001000011010100 5
b1011010011011011010010 6
1%
#560
0%
b110111 *
#565
b1111111110001000 "
b1111111110001000 2
b1111000 !
b1111000 3
b11111111111001010111110111 1
b1111111110001011 7
b1110100 8
b11111111110001000000100110011111 5
b1111000010110001110110 6
1%
#570
0%
b111000 *
#575
b1111111110100000 "
b1111111110100000 2
b10010010 !
b10010010 3
b11111111111000111101110011 1
b1111111110100011 7
b10001110 8
b11111111110100000101010110010101 5
b10010010110000101101010 6
1%
#580
0%
b111001 *
#585
b1111111110111110 "
b1111111110111110 2
b10100111 !
b10100111 3
b11111111111000100101111100 1
b1111111111000000 7
b10100010 8
b11111111110111110011101001001010 5
b10100111110100111100110 6
1%
#590
0%
b111010 *
#595
b1111111111100001 "
b1111111111100001 2
b10110110 !
b10110110 3
b11111111111000001000011011 1
b1111111111100010 7
b10110001 8
b11111111111100001001110100100001 5
b10110110100110010110101 6
1%
#600
0%
b111011 *
#605
b111 "
b111 2
b10111110 !
b10111110 3
b11111111110111101110001111 1
b111 7
b10111000 8
b111101111001001011 5
b10111110001101101000011 6
1%
#610
0%
b111100 *
#615
b101111 "
b101111 2
b11111111110111001101111100 1
b101110 7
b101111110010011000100 5
b10111110001000110010101 6
1%
#620
0%
b111101 *
#625
b1011000 "
b1011000 2
b10110101 !
b10110101 3
b11111111110110101011000111 1
b1010101 7
b10110000 8
b1011000001000010111101 5
b10110101100100100010101 6
1%
#630
0%
b111110 *
#635
b1111111 "
b1111111 2
b10100011 !
b10100011 3
b11111111110110001101100011 1
b1111011 7
b10011110 8
b1111111100011001100110 5
b10100011101011100101110 6
1%
#640
0%
b111111 *
#645
b10100011 "
b10100011 2
b10001001 !
b10001001 3
b11111111110101100101100011 1
b10011110 7
b10000101 8
b10100011000011000100101 5
b10001001001011110110100 6
1%
#650
0%
b1000000 *
#655
b11000001 "
b11000001 2
b1100111 !
b1100111 3
b11111111110101000001010111 1
b10111011 7
b1100100 8
b11000001110000101100110 5
b1100111001111001111001 6
1%
#660
0%
b1000001 *
#665
b11011000 "
b11011000 2
b111110 !
b111110 3
b11111111110100010110101100 1
b11010010 7
b111100 8
b11011000110000010001101 5
b111110011111101010011 6
1%
#670
0%
b1000010 *
#675
b11100111 "
b11100111 2
b10000 !
b10000 3
b11111111110011101100011111 1
b11100000 7
b1111 8
b11100111001010100000110 5
b10000001101000010001 6
1%
#680
0%
b1000011 *
#685
b11101100 "
b11101100 2
b1111111111011110 !
b1111111111011110 3
b11111111110010111011100110 1
b11100101 7
b1111111111011111 8
b11101100011011011010111 5
b11111111111011110100101110110110 6
1%
#690
0%
b1000100 *
#695
b11100110 "
b11100110 2
b1111111110101011 !
b1111111110101011 3
b11111111110010001011010110 1
b11011111 7
b1111111110101101 8
b11100110101111000110111 5
b11111111110101011000101010101111 6
1%
#700
0%
b1000101 *
#705
b11010101 "
b11010101 2
b1111111101111000 !
b1111111101111000 3
b11111111110001010110010110 1
b11001111 7
b1111111101111101 8
b11010101110000111001000 5
b11111111101111000111100100110001 6
1%
#710
0%
b1000110 *
#715
b10111001 "
b10111001 2
b1111111101001001 !
b1111111101001001 3
b11111111110000010110101100 1
b10110100 7
b1111111101001110 8
b10111001101100000101000 5
b11111111101001001001000001110001 6
1%
#720
0%
b1000111 *
#725
b10010011 "
b10010011 2
b1111111100011111 !
b1111111100011111 3
b1111111110 4
b11111111101111011110011000 1
b10001110 7
b1111111100100110 8
b10010011010101100111101 5
b11111111100011111101111000010011 6
1%
#730
0%
b1001000 *
#735
b1100100 "
b1100100 2
b1111111011111101 !
b1111111011111101 3
b11111111101110010100100110 1
b1100001 7
b1111111100000101 8
b1100100000010000011101 5
b11111111011111101100001100011011 6
1%
#740
0%
b1001001 *
#745
b101101 "
b101101 2
b1111111011100101 !
b1111111011100101 3
b11111111101101000101011110 1
b101011 7
b1111111011101101 8
b101101010011100100011 5
b11111111011100101010010100110110 6
1%
#750
0%
b1001010 *
#755
b1111111111110000 "
b1111111111110000 2
b1111111011011000 !
b1111111011011000 3
b11111111101011110101011110 1
b1111111111110001 7
b1111111011100001 8
b11111111111110000101101010110011 5
b11111111011011000111000000101001 6
1%
#760
0%
b1001011 *
#765
b1111111110110000 "
b1111111110110000 2
b11111111101010011001111011 1
b1111111110110010 7
b11111111110110000010111111010100 5
b11111111011011000110101111101110 6
1%
#770
0%
b1001100 *
#775
b1111111101101111 "
b1111111101101111 2
b1111111011100110 !
b1111111011100110 3
b11111111101001000001001111 1
b1111111101110100 7
b1111111011101111 8
b11111111101101111110101101010000 5
b11111111011100110100101100010010 6
1%
#780
0%
b1001101 *
#785
b1111111100110001 "
b1111111100110001 2
b1111111100000010 !
b1111111100000010 3
b11111111100111010111001011 1
b1111111100110111 7
b1111111100001010 8
b11111111100110001010001000101100 5
b11111111100000010101000110010001 6
1%
#790
0%
b1001110 *
#795
b1111111011111000 "
b1111111011111000 2
b1111111100101100 !
b1111111100101100 3
b11111111100101101000111100 1
b1111111100000000 7
b1111111100110010 8
b11111111011111000101110100101110 5
b11111111100101100001010011110111 6
1%
#800
0%
b1001111 *
#805
b1111111011001000 "
b1111111011001000 2
b1111111101100010 !
b1111111101100010 3
b11111111100011110111101110 1
b1111111011010001 7
b1111111101100111 8
b11111111011001000001111010111010 5
b11111111101100010110000000001010 6
1%
#810
0%
b1010000 *
#815
b1111111010100011 "
b1111111010100011 2
b1111111110100011 !
b1111111110100011 3
b11111111100001111101110011 1
b1111111010101101 7
b1111111110100110 8
b11111111010100011011001001100000 5
b11111111110100011100000111110100 6
1%
#820
0%
b1010001 *
#825
b1111111010001100 "
b1111111010001100 2
b1111111111101101 !
b1111111111101101 3
b11111111100000000110000110 1
b1111111010010111 7
b1111111111101101 8
b11111111010001100000001111100101 5
b11111111111101101000000001001011 6
1%
#830
0%
b1010010 *
#835
b1111111010000100 "
b1111111010000100 2
b111100 !
b111100 3
b1111111101 4
b11111111011110000111011100 1
b1111111010010000 7
b111010 8
b11111111010000100101101100011001 5
b111100100100010011010 6
1%
#840
0%
b1010011 *
#845
b1111111010001101 "
b1111111010001101 2
b10001101 !
b10001101 3
b11111111011011110001101111 1
b1111111010011000 7
b10001001 8
b11111111010001101100011111010100 5
b10001101111101110100001 6
1%
#850
0%
b1010100 *
#855
b1111111010101000 "
b1111111010101000 2
b11011101 !
b11011101 3
b11111111011001011110101011 1
b1111111010110010 7
b11010111 8
b11111111010101000000001000000111 5
b11011101110000010100110 6
1%
#860
0%
b1010101 *
#865
b1111111011010100 "
b1111111011010100 2
b100101000 !
b100101000 3
b11111111010111001101110110 1
b1111111011011101 7
b100011111 8
b11111111011010100011001100010010 5
b100101000101000101111111 6
1%
#870
0%
b1010110 *
#875
b1111111100010000 "
b1111111100010000 2
b101101010 !
b101101010 3
b11111111010100110001111111 1
b1111111100011000 7
b101011111 8
b11111111100010000110111101010000 5
b101101010110101111111111 6
1%
#880
0%
b1010111 *
#885
b1111111101011011 "
b1111111101011011 2
b110100000 !
b110100000 3
b11111111010010000110010111 1
b1111111101100000 7
b110010011 8
b11111111101011011100001100100010 5
b110100000100010111111111 6
1%
#890
0%
b1011000 *
#895
b1111111110110010 "
b1111111110110010 2
b111000110 !
b111000110 3
b1111111100 4
b11111111001111001001010110 1
b1111111110110101 7
b110111001 8
b11111111110110010110000111001000 5
b111000110111100011001101 6
1%
#900
0%
b1011001 *
#905
b10010 "
b10010 2
b111011010 !
b111011010 3
b11111111001100010000101100 1
b10010 7
b111001100 8
b10010101010001001110 5
b111011010100111011011110 6
1%
#910
0%
b1011010 *
#915
b1110111 "
b1110111 2
b11111111001001010001110111 1
b1110100 7
b111001011 8
b1110111110001010001010 5
b111011010001100000010010 6
1%
#920
0%
b1011011 *
#925
b11011101 "
b11011101 2
b111000100 !
b111000100 3
b11111111000101111110111000 1
b11010110 7
b110110110 8
b11011101100111010000110 5
b111000100100010001110101 6
1%
#930
0%
b1011100 *
#935
b100111111 "
b100111111 2
b110011000 !
b110011000 3
b11111111000010010000001100 1
b100110110 7
b110001100 8
b100111111110011001000000 5
b110011000100000000010111 6
1%
#940
0%
b1011101 *
#945
b110011001 "
b110011001 2
b101010111 !
b101010111 3
b1111111011 4
b11111110111110110011100000 1
b110001100 7
b101001100 8
b110011001001011001001000 5
b101010111000101011000001 6
1%
#950
0%
b1011110 *
#955
b111100110 "
b111100110 2
b100000010 !
b100000010 3
b11111110111010100101001011 1
b111010111 7
b11111010 8
b111100110000001100111100 5
b100000010001111011110101 6
1%
#960
0%
b1011111 *
#965
b1000100001 "
b1000100001 2
b10011100 !
b10011100 3
b11111110110110000111001110 1
b1000010001 7
b10010111 8
b1000100001011110010011101 5
b10011100000000101100111 6
1%
#970
0%
b1100000 *
#975
b1001000111 "
b1001000111 2
b101000 !
b101000 3
b11111110110001101100010110 1
b1000110101 7
b100111 8
b1001000111000110001010111 5
b101000011111010110000 6
1%
#980
0%
b1100001 *
#985
b1001010100 "
b1001010100 2
b1111111110101011 !
b1111111110101011 3
b1111111010 4
b11111110101100110000010011 1
b1001000010 7
b1111111110101101 8
b1001010100100010001101000 5
b11111111110101011010101010000111 6
1%
#990
0%
b1100010 *
#995
b1001000110 "
b1001000110 2
b1111111100101010 !
b1111111100101010 3
b11111110100111100000000111 1
b1000110101 7
b1111111100110000 8
b1001000110110110110110001 5
b11111111100101010011110100011000 6
1%
#1000
0%
b1100011 *
#1005
b1000011101 "
b1000011101 2
b1111111010101011 !
b1111111010101011 3
b11111110100010001101110111 1
b1000001100 7
b1111111010110101 8
b1000011101000100010110010 5
b11111111010101011011000101011100 6
1%
#1010
0%
b1100100 *
#1015
b111011000 "
b111011000 2
b1111111000110100 !
b1111111000110100 3
b1111111001 4
b11111110011100000000011011 1
b111001010 7
b1111111001000001 8
b111011000011111100111101 5
b11111111000110100000110000101100 6
1%
#1020
0%
b1100101 *
#1025
b101111001 "
b101111001 2
b1111110111001010 !
b1111110111001010 3
b11111110010101101101100011 1
b101101110 7
b1111110111011011 8
b101111001011001111000010 5
b11111110111001010111000000011011 6
1%
#1030
0%
b1100110 *
#1035
b100000010 "
b100000010 2
b1111110101110100 !
b1111110101110100 3
b1111111000 4
b11111110001110110010110110 1
b11111011 7
b1111110110000111 8
b100000010110111010011110 5
b11111110101110100010110110011011 6
1%
#1040
0%
b1100111 *
#1045
b1111000 "
b1111000 2
b1111110100110111 !
b1111110100110111 3
b11111110000111110011100000 1
b1110100 7
b1111110101001100 8
b1111000011001011101100 5
b11111110100110111001001011110110 6
1%
#1050
0%
b1101000 *
#1055
b1111111111100000 "
b1111111111100000 2
b1111110100010111 !
b1111110100010111 3
b11111110000000001001010110 1
b1111111111100001 7
b1111110100101101 8
b11111111111100000001011000010011 5
b11111110100010111001101100101100 6
1%
#1060
0%
b1101001 *
#1065
b1111111101000000 "
b1111111101000000 2
b1111110111 4
b11111101110111110101111110 1
b1111111101000101 7
b11111111101000000000000100101110 5
b11111110100010111100010010110111 6
1%
#1070
0%
b1101010 *
#1075
b1111111010011110 "
b1111111010011110 2
b1111110100111001 !
b1111110100111001 3
b1111110110 4
b11111101101111011000001110 1
b1111111010101001 7
b1111110101001111 8
b11111111010011110101011110000001 5
b11111110100111001111000001010110 6
1%
#1080
0%
b1101011 *
#1085
b1111111000000010 "
b1111111000000010 2
b1111110101111110 !
b1111110101111110 3
b11111101100101101110011011 1
b1111111000010001 7
b1111110110010010 8
b11111111000000010100101101100011 5
b11111110101111110111000111111010 6
1%
#1090
0%
b1101100 *
#1095
b1111110101110100 "
b1111110101110100 2
b1111110111100101 !
b1111110111100101 3
b1111110101 4
b11111101011011101001101011 1
b1111110110000111 7
b1111110111110110 8
b11111110101110100000101111100001 5
b11111110111100101111011011001100 6
1%
#1100
0%
b1101101 *
#1105
b1111110011111010 "
b1111110011111010 2
b1111111001101100 !
b1111111001101100 3
b11111101010001001001111100 1
b1111110100010010 7
b1111111001111000 8
b11111110011111010111111100111011 5
b11111111001101100001110000111000 6
1%
#1110
0%
b1101110 *
#1115
b1111110010011100 "
b1111110010011100 2
b1111111100001110 !
b1111111100001110 3
b1111110100 4
b11111101000101011011100011 1
b1111110010110110 7
b1111111100010101 8
b11111110010011100111010001111100 5
b11111111100001110011111110100010 6
1%
#1120
0%
b1101111 *
#1125
b1111110001100000 "
b1111110001100000 2
b1111111111000110 !
b1111111111000110 3
b1111110011 4
b11111100111001011100111111 1
b1111110001111100 7
b1111111111000111 8
b11111110001100000111000011111010 5
b11111111111000110000000000010001 6
1%
#1130
0%
b1110000 *
#1135
b1111110001001011 "
b1111110001001011 2
b10001100 !
b10001100 3
b1111110010 4
b11111100101100110110000000 1
b1111110001101000 7
b10001000 8
b11111110001001011110111000111110 5
b10001100011001111101000 6
1%
#1140
0%
b1110001 *
#1145
b1111110001100001 "
b1111110001100001 2
b101011000 !
b101011000 3
b1111110001 4
b11111100011111000000101100 1
b1111110001111100 7
b101001110 8
b11111110001100001001000011010100 5
b101011000100010011011111 6
1%
#1150
0%
b1110010 *
#1155
b1111110010100011 "
b1111110010100011 2
b1000100001 !
b1000100001 3
b11111100010001000011001111 1
b1111110010111100 7
b1000010001 8
b11111110010100011000010010101000 5
b1000100001100000101100100 6
1%
#1160
0%
b1110011 *
#1165
b1111110100010000 "
b1111110100010000 2
b1011011110 !
b1011011110 3
b1111110000 4
b11111100000010011111001111 1
b1111110100100111 7
b1011001000 8
b11111110100010000101100111101001 5
b1011011110000000100111101 6
1%
#1170
0%
b1110100 *
#1175
b1111110110100111 "
b1111110110100111 2
b1110000101 !
b1110000101 3
b1111101111 4
b11111011110010100001101011 1
b1111110110111001 7
b1101101010 8
b11111110110100111001000000011101 5
b1110000101001011000111110 6
1%
#1180
0%
b1110101 *
#1185
b1111111001100011 "
b1111111001100011 2
b10000001101 !
b10000001101 3
b1111101110 4
b11111011100001101010011011 1
b1111111001101111 7
b1111101110 8
b11111111001100011001001110101111 5
b10000001101001001111011101 6
1%
#1190
0%
b1110110 *
#1195
b1111111100111101 "
b1111111100111101 2
b10001101101 !
b10001101101 3
b1111101100 4
b11111011001111110111100111 1
b1111111101000011 7
b10001001100 8
b11111111100111101110101111011001 5
b10001101101111010011111101 6
1%
#1200
0%
b1110111 *
#1205
b101110 "
b101110 2
b10010011111 !
b10010011111 3
b1111101011 4
b11111010111101110001100000 1
b101100 7
b10001111100 8
b101110001011010100001 5
b10010011111111011010001111 6
1%
#1210
0%
b1111000 *
#1215
b100101011 "
b100101011 2
b10010011110 !
b10010011110 3
b1111101010 4
b11111010101010010001100011 1
b100100010 7
b10001111011 8
b100101011110100111101111 5
b10010011110101010010000100 6
1%
#1220
0%
b1111001 *
#1225
b1000101010 "
b1000101010 2
b10001100111 !
b10001100111 3
b1111101001 4
b11111010010101001000111000 1
b1000011010 7
b10001000110 8
b1000101010101010001001100 5
b10001100111011011001101111 6
1%
#1230
0%
b1111010 *
#1235
b1100011111 "
b1100011111 2
b1111111001 !
b1111111001 3
b1111100111 4
b11111001111111001001100111 1
b1100001000 7
b1111011011 8
b1100011111110111111101011 5
b1111111001010001111000111 6
1%
#1240
0%
b1111011 *
#1245
b1111111111 "
b1111111111 2
b1101010101 !
b1101010101 3
b1111100110 4
b11111001101000010111110000 1
b1111100000 7
b1100111100 8
b1111111111001101001000001 5
b1101010101110111101111001 6
1%
#1250
0%
b1111100 *
#1255
b10010111101 "
b10010111101 2
b1010000000 !
b1010000000 3
b1111100100 4
b11111001001111101000100110 1
b10010011001 7
b1001101101 8
b10010111101110001100110001 5
b1010000000100010011110101 6
1%
#1260
0%
b1111101 *
#1265
b10101001111 "
b10101001111 2
b110000001 !
b110000001 3
b1111100011 4
b11111000110101010010010110 1
b10100100111 7
b101110101 8
b10101001111100111001111001 5
b110000001001000111010110 6
1%
#1270
0%
b1111110 *
#1275
b10110101100 "
b10110101100 2
b1100000 !
b1100000 3
b1111100001 4
b11111000011001001001111011 1
b10110000001 7
b1011110 8
b10110101100000011010001010 5
b1100000111000001011111 6
1%
#1280
0%
b1111111 *
#1285
b10111001011 "
b10111001011 2
b1111111100101001 !
b1111111100101001 3
b1111011111 4
b11110111111011001100000000 1
b10110100000 7
b1111111100110000 8
b10111001011110010000110000 5
b11111111100101001101101111010100 6
1%
#1290
0%
b10000000 *
#1295
b10110101000 "
b10110101000 2
b1111110111101001 !
b1111110111101001 3
b1111011101 4
b11110111011100010011000110 1
b10101111101 7
b1111110111111001 8
b10110101000010011001001010 5
b11111110111101001101100011001010 6
1%
#1300
0%
b10000001 *
#1305
b10101000000 "
b10101000000 2
b1111110010101110 !
b1111110010101110 3
b1111011011 4
b11110110111010000011011110 1
b10100011001 7
b1111110011000111 8
b10101000000011011101101000 5
b11111110010101110110001110001001 6
1%
#1310
0%
b10000010 *
#1315
b10010010100 "
b10010010100 2
b1111101110000111 !
b1111101110000111 3
b1111011001 4
b11110110010111000010001110 1
b10001110001 7
b1111101110101001 8
b10010010100000101001111111 5
b11111101110000111101111001011001 6
1%
#1320
0%
b10000011 *
#1325
b1110100111 "
b1110100111 2
b1111101010000011 !
b1111101010000011 3
b1111010111 4
b11110101110000011111100000 1
b1110001100 7
b1111101010101100 8
b1110100111100100001101111 5
b11111101010000011011011000011100 6
1%
#1330
0%
b10000100 *
#1335
b1010000001 "
b1010000001 2
b1111100110110000 !
b1111100110110000 3
b1111010100 4
b11110101001000100001111011 1
b1001101110 7
b1111100111011111 8
b1010000001000011001011011 5
b11111100110110000010111111011101 6
1%
#1340
0%
b10000101 *
#1345
b100101011 "
b100101011 2
b1111100100011010 !
b1111100100011010 3
b1111010001 4
b11110100011110000101110011 1
b100100011 7
b1111100101001110 8
b100101011101011010110111 5
b11111100100011010111011101010001 6
1%
#1350
0%
b10000110 *
#1355
b1111111110110011 "
b1111111110110011 2
b1111100011001101 !
b1111100011001101 3
b1111001111 4
b11110011110000011000000011 1
b1111111110110101 7
b1111100100000010 8
b11111111110110011000011100001001 5
b11111100011001101001010010000111 6
1%
#1360
0%
b10000111 *
#1365
b1111111000100111 "
b1111111000100111 2
b1111100011010000 !
b1111100011010000 3
b1111001100 4
b11110011000000111011101110 1
b1111111000110101 7
b1111100100000101 8
b11111111000100111111000001010001 5
b11111100011010000010001011011001 6
1%
#1370
0%
b10001000 *
#1375
b1111110010011001 "
b1111110010011001 2
b1111100100101000 !
b1111100100101000 3
b1111001000 4
b11110010001110000010011000 1
b1111110010110010 7
b1111100101011010 8
b11111110010011001110001110001100 5
b11111100100101000010001010100101 6
1%
#1380
0%
b10001001 *
#1385
b1111101100011011 "
b1111101100011011 2
b1111100111010110 !
b1111100111010110 3
b1111000101 4
b11110001011000101001110110 1
b1111101100111111 7
b1111101000000011 8
b11111101100011011111011000010111 5
b11111100111010110001110110011010 6
1%
#1390
0%
b10001010 *
#1395
b1111100111000000 "
b1111100111000000 2
b1111101011010111 !
b1111101011010111 3
b1111000001 4
b11110000011111111010101100 1
b1111100111101110 7
b1111101011111100 8
b11111100111000000101101100101000 5
b11111101011010111010101111100101 6
1%
#1400
0%
b10001011 *
#1405
b1111100010011010 "
b1111100010011010 2
b1111110000100100 !
b1111110000100100 3
b1110111110 4
b11101111100100011100000000 1
b1111100011010000 7
b1111110001000000 8
b11111100010011010100000100111011 5
b11111110000100100011101101101100 6
1%
#1410
0%
b10001100 *
#1415
b1111011110111010 "
b1111011110111010 2
b1111110110110010 !
b1111110110110010 3
b1110111010 4
b11101110100100110011111110 1
b1111011111110101 7
b1111110111000011 8
b11111011110111010000001001011110 5
b11111110110110010101100110001100 6
1%
#1420
0%
b10001101 *
#1425
b1111011100101101 "
b1111011100101101 2
b1111111101110011 !
b1111111101110011 3
b1110110110 4
b11101101100011001001000110 1
b1111011101101101 7
b1111111101110111 8
b11111011100101101111110001110000 5
b11111111101110011010010010110000 6
1%
#1430
0%
b10001110 *
#1435
b1111011100000000 "
b1111011100000000 2
b101010101 !
b101010101 3
b1110110001 4
b11101100011101010110000110 1
b1111011101000001 7
b101001011 8
b11111011100000000011110010011100 5
b101010101010011110011110 6
1%
#1440
0%
b10001111 *
#1445
b1111011100111010 "
b1111011100111010 2
b1101000011 !
b1101000011 3
b1110101101 4
b11101011010011100100111111 1
b1111011101111001 7
b1100101100 8
b11111011100111010100011011100110 5
b1101000011111010000000000 6
1%
#1450
0%
b10010000 *
#1455
b1111011111011110 "
b1111011111011110 2
b10100101000 !
b10100101000 3
b1110101000 4
b11101010000101111110110111 1
b1111100000011000 7
b10100000011 8
b11111011111011110110111110011111 5
b10100101000011000100000010 6
1%
#1460
0%
b10010001 *
#1465
b1111100011101011 "
b1111100011101011 2
b11011101101 !
b11011101101 3
b1110100011 4
b11101000110011100010100111 1
b1111100100011101 7
b11010111100 8
b11111100011101011110110100010111 5
b11011101101000001010101110 6
1%
#1470
0%
b10010010 *
#1475
b1111101001011011 "
b1111101001011011 2
b100001111010 !
b100001111010 3
b1110011101 4
b11100111011110000101110110 1
b1111101010000011 7
b100000111111 8
b11111101001011011100101101101100 5
b100001111010110011010101000 6
1%
#1480
0%
b10010011 *
#1485
b1111110000100010 "
b1111110000100010 2
b100110111011 !
b100110111011 3
b1110011000 4
b11100110000100010000100110 1
b1111110000111101 7
b100101110111 8
b11111110000100010101101110000110 5
b100110111011000011010100001 6
1%
#1490
0%
b10010100 *
#1495
b1111111000110000 "
b1111111000110000 2
b101010011100 !
b101010011100 3
b1110010010 4
b11100100100110001100110011 1
b1111111000111101 7
b101001010010 8
b11111111000110000111110001100001 5
b101010011100000110011100110 6
1%
#1500
0%
b10010101 *
#1505
b1110001 "
b1110001 2
b101100001101 !
b101100001101 3
b1110001100 4
b11100011000010101100111011 1
b1101110 7
b101011000001 8
b1110001111000110010100 5
b101100001101011010011001100 6
1%
#1510
0%
b10010110 *
#1515
b1011001101 "
b1011001101 2
b101100000011 !
b101100000011 3
b1110000101 4
b11100001011100001000001011 1
b1010111010 7
b101010110111 8
b1011001101111010110001111 5
b101100000011000111001101010 6
1%
#1520
0%
b10010111 *
#1525
b10100101010 "
b10100101010 2
b101001110111 !
b101001110111 3
b1101111110 4
b11011111101111000011001111 1
b10100000111 7
b101000110000 8
b10100101010100011111101101 5
b101001110111011110110000011 6
1%
#1530
0%
b10011000 *
#1535
b11101101100 "
b11101101100 2
b100101101001 !
b100101101001 3
b1101110111 4
b11011101111101111001001011 1
b11100111010 7
b100100101001 8
b11101101100001100101111001 5
b100101101001000100101111001 6
1%
#1540
0%
b10011001 *
#1545
b100101110110 "
b100101110110 2
b11111011101 !
b11111011101 3
b1101110000 4
b11011100000110100010011110 1
b100100110111 7
b11110101001 8
b100101110110101101001100101 5
b11111011101111111000001000 6
1%
#1550
0%
b10011010 *
#1555
b101100101101 "
b101100101101 2
b10111100000 !
b10111100000 3
b1101101000 4
b11011010001011101100000110 1
b101011100011 7
b10110111001 8
b101100101101110001110111001 5
b10111100000011011010101110 6
1%
#1560
0%
b10011011 *
#1565
b110001111001 "
b110001111001 2
b1110000011 !
b1110000011 3
b1101100000 4
b11011000001001110001111111 1
b110000100111 7
b1101101100 8
b110001111001001110000100100 5
b1110000011011000101100111 6
1%
#1570
0%
b10011100 *
#1575
b110101000100 "
b110101000100 2
b11011101 !
b11011101 3
b1101011000 4
b11010110000001111000101011 1
b110011101110 7
b11010111 8
b110101000100100111010111011 5
b11011101000110001001111 6
1%
#1580
0%
b10011101 *
#1585
b110101111110 "
b110101111110 2
b1111111000001001 !
b1111111000001001 3
b1101001111 4
b11010011110101101000101011 1
b110100100111 7
b1111111000010110 8
b110101111110110001101100010 5
b11111111000001001011010111111010 6
1%
#1590
0%
b10011110 *
#1595
b110100011101 "
b110100011101 2
b1111101100100110 !
b1111101100100110 3
b1101000110 4
b11010001100010100110010110 1
b110011001001 7
b1111101101000101 8
b110100011101101001100010011 5
b11111101100100110111000001101100 6
1%
#1600
0%
b10011111 *
#1605
b110000011101 "
b110000011101 2
b1111100001010110 !
b1111100001010110 3
b1100111100 4
b11001111001000100000101110 1
b101111010001 7
b1111100010000111 8
b110000011101110110100101110 5
b11111100001010110110100110010011 6
1%
#1610
0%
b10100000 *
#1615
b101010000010 "
b101010000010 2
b1111010110111100 !
b1111010110111100 3
b1100110010 4
b11001100101000101101101111 1
b101001000001 7
b1111010111111100 8
b101010000010110101101010100 5
b11111010110111100000111011100111 6
1%
#1620
0%
b10100001 *
#1625
b100001011000 "
b100001011000 2
b1111001101111000 !
b1111001101111000 3
b1100101000 4
b11001010000011110111001100 1
b100000100100 7
b1111001111000110 8
b100001011000001101001010100 5
b11111001101111000111100101100110 6
1%
#1630
0%
b10100010 *
#1635
b10110110000 "
b10110110000 2
b1111000110101010 !
b1111000110101010 3
b1100011101 4
b11000111010100000100111011 1
b10110001110 7
b1111001000000001 8
b10110110000111010110001110 5
b11111000110101010110101110000101 6
1%
#1640
0%
b10100011 *
#1645
b1010100100 "
b1010100100 2
b1111000001101110 !
b1111000001101110 3
b1100010010 4
b11000100100001010001001110 1
b1010010101 7
b1111000011001011 8
b1010100100111111001111100 5
b11111000001101110000101011011110 6
1%
#1650
0%
b10100100 *
#1655
b1111111101010100 "
b1111111101010100 2
b1110111111011001 !
b1110111111011001 3
b1100000110 4
b11000001101000010110000000 1
b1111111101011000 7
b1111000000111000 8
b11111111101010100100000011010110 5
b11110111111011001000111100010100 6
1%
#1660
0%
b10100101 *
#1665
b1111101111100100 "
b1111101111100100 2
b1110111111111001 !
b1110111111111001 3
b1011111010 4
b10111110101010001001011111 1
b1111101111111100 7
b1111000001010111 8
b11111101111100100000111100111101 5
b11110111111111001111000110000110 6
1%
#1670
0%
b10100110 *
#1675
b1111100001111010 "
b1111100001111010 2
b1111000011010110 !
b1111000011010110 3
b1011101110 4
b10111011100010001110111110 1
b1111100010100101 7
b1111000100101101 8
b11111100001111010110011101101011 5
b11111000011010110100001010010110 6
1%
#1680
0%
b10100111 *
#1685
b1111010101000000 "
b1111010101000000 2
b1111001001101110 !
b1111001001101110 3
b1011100001 4
b10111000010101011101010111 1
b1111010101111100 7
b1111001010111011 8
b11111010101000000011010000000010 5
b11111001001101110110111100000001 6
1%
#1690
0%
b10101000 *
#1695
b1111001001011110 "
b1111001001011110 2
b1111010010110111 !
b1111010010110111 3
b1011010100 4
b10110101000011000000001011 1
b1111001010101001 7
b1111010011110110 8
b11111001001011110011000001101010 5
b11111010010110111101001111010000 6
1%
#1700
0%
b10101001 *
#1705
b1110111111111010 "
b1110111111111010 2
b1111011110011110 !
b1111011110011110 3
b1011000110 4
b10110001101010101101100110 1
b1111000001010001 7
b1111011111001011 8
b11110111111111010100101111111001 5
b11111011110011110001110110001000 6
1%
#1710
0%
b10101010 *
#1715
b1110111000110110 "
b1110111000110110 2
b1111101100000111 !
b1111101100000111 3
b1010111000 4
b10101110001110001100000110 1
b1110111010010101 7
b1111101100100001 8
b11110111000110110101110111000110 5
b11111101100000111010001101111110 6
1%
#1720
0%
b10101011 *
#1725
b1110110100101110 "
b1110110100101110 2
b1111111011001111 !
b1111111011001111 3
b1010101010 4
b10101010101011000111000111 1
b1110110110010000 7
b1111111011010101 8
b11110110100101110100101111100011 5
b11111111011001111011100011000000 6
1%
#1730
0%
b10101100 *
#1735
b1110110011110110 "
b1110110011110110 2
b1011001101 !
b1011001101 3
b1010011100 4
b10100111000100000111101110 1
b1110110101010111 7
b1010111111 8
b11110110011110110011110101001111 5
b1011001101101111000111010 6
1%
#1740
0%
b10101101 *
#1745
b1110110110011001 "
b1110110110011001 2
b11011010100 !
b11011010100 3
b1010001101 4
b10100011011001111111000011 1
b1110110111110101 7
b11010110010 8
b11110110110011001100001110100010 5
b11011010100110111111010000 6
1%
#1750
0%
b10101110 *
#1755
b1110111100011000 "
b1110111100011000 2
b101010110101 !
b101010110101 3
b1001111110 4
b10011111101011010001000110 1
b1110111101101011 7
b101010000001 8
b11110111100011000101110011000010 5
b101010110101101001110111001 6
1%
#1760
0%
b10101111 *
#1765
b1111000101101010 "
b1111000101101010 2
b111001000001 !
b111001000001 3
b1001101111 4
b10011011111001011011110000 1
b1111000110110000 7
b110111111100 8
b11111000101101010110011100110001 5
b111001000001000010001010000 6
1%
#1770
0%
b10110000 *
#1775
b1111010001111100 "
b1111010001111100 2
b1000101001010 !
b1000101001010 3
b1001100000 4
b10011000000010001000001011 1
b1111010010110010 7
b1000011111001 8
b11111010001111100100101000100101 5
b1000101001010001111110010010 6
1%
#1780
0%
b10110001 *
#1785
b1111100000110001 "
b1111100000110001 2
b1001110100111 !
b1001110100111 3
b1001010000 4
b10010100000111100010101100 1
b1111100001010100 7
b1001101001110 8
b11111100000110001001010111010010 5
b1001110100111100000101011100 6
1%
#1790
0%
b10110010 *
#1795
b1111110001100010 "
b1111110001100010 2
b1010100110110 !
b1010100110110 3
b1001000000 4
b10010000001110011011111100 1
b1111110001110010 7
b1010011011000 8
b11111110001100010101101011011111 5
b1010100110110011111011011111 6
1%
#1800
0%
b10110011 *
#1805
b11100011 "
b11100011 2
b1010111011110 !
b1010111011110 3
b1000110001 4
b10001100010010100010111110 1
b11011111 7
b1010101111111 8
b11100011000010010110101 5
b1010111011110000110000101101 6
1%
#1810
0%
b10110100 *
#1815
b10110000000 "
b10110000000 2
b1010110001110 !
b1010110001110 3
b1000100001 4
b10001000010010100001011111 1
b10101101001 7
b1010100110100 8
b10110000000111111011001011 5
b1010110001110110000110010101 6
1%
#1820
0%
b10110101 *
#1825
b101000000101 "
b101000000101 2
b1010001000011 !
b1010001000011 3
b1000010001 4
b10000100010100100111110000 1
b100111011100 7
b1001111110000 8
b101000000101010000110110010 5
b1010001000011000101001001000 6
1%
#1830
0%
b10110110 *
#1835
b111000111011 "
b111000111011 2
b1001000000011 !
b1001000000011 3
b1000000001 4
b10000000010010100111100111 1
b111000000011 7
b1000110111100 8
b111000111011100100100011110 5
b1001000000011011011101000111 6
1%
#1840
0%
b10110111 *
#1845
b1000111101110 "
b1000111101110 2
b111011100001 !
b111011100001 3
b111110001 4
b1111100010010110011011100 1
b1000110101010 7
b111010101000 8
b1000111101110101011111011101 5
b111011100001101101110010101 6
1%
#1850
0%
b10111000 *
#1855
b1010011101111 "
b1010011101111 2
b101011111100 !
b101011111100 3
b111100001 4
b1111000010100100011010110 1
b1010010100001 7
b101011010011 8
b1010011101111001011011010110 5
b101011111100000111000110001 6
1%
#1860
0%
b10111001 *
#1865
b1011100010101 "
b1011100010101 2
b11001111011 !
b11001111011 3
b111010001 4
b1110100010011110111101100 1
b1011011000010 7
b11001100100 8
b1011100010101001111001111010 5
b11001111011100011001000001 6
1%
#1870
0%
b10111010 *
#1875
b1100001000000 "
b1100001000000 2
b110001111 !
b110001111 3
b111000001 4
b1110000010110000000001100 1
b1011111101100 7
b110001010 8
b1100001000000101110110011111 5
b110001111100100100100101 6
1%
#1880
0%
b10111011 *
#1885
b1100001011100 "
b1100001011100 2
b1111110001101111 !
b1111110001101111 3
b110110001 4
b1101100011000110001101110 1
b1100000001011 7
b1111110001111011 8
b1100001011100101001001001110 5
b11111110001101111101000011010111 6
1%
#1890
0%
b10111100 *
#1895
b1011101100001 "
b1011101100001 2
b1111011101010110 !
b1111011101010110 3
b110100010 4
b1101000100000100110000011 1
b1011100010101 7
b1111011101110010 8
b1011101100001010010100001101 5
b11111011101010110011100101000100 6
1%
#1900
0%
b10111101 *
#1905
b1010101010011 "
b1010101010011 2
b1111001010000000 !
b1111001010000000 3
b110010010 4
b1100100100101101111111011 1
b1010100010001 7
b1111001010101010 8
b1010101010011001110100100100 5
b11111001010000000001100111101111 6
1%
#1910
0%
b10111110 *
#1915
b1001001000011 "
b1001001000011 2
b1110111000100111 !
b1110111000100111 3
b110000010 4
b1100000101111101001000111 1
b1001000001101 7
b1110111001011100 8
b1001001000011100101111110110 5
b11110111000100111010011011010001 6
1%
#1920
0%
b10111111 *
#1925
b111001001111 "
b111001001111 2
b1110101010000001 !
b1110101010000001 3
b101110011 4
b1011100111110110101011000 1
b111000100110 7
b1110101010111110 8
b111001001111111000110011001 5
b11110101010000001001101100101111 6
1%
#1930
0%
b11000000 *
#1935
b100110100001 "
b100110100001 2
b1110011110111100 !
b1110011110111100 3
b101100101 4
b1011001010001110111011011 1
b100110000110 7
b1110011111111111 8
b100110100001010111000000111 5
b11110011110111100101100101011100 6
1%
#1940
0%
b11000001 *
#1945
b10001101011 "
b10001101011 2
b1110010111111110 !
b1110010111111110 3
b101010110 4
b1010101100110111100110110 1
b10001011111 7
b1110011001000011 8
b10001101011001111011101010 5
b11110010111111110011100111110101 6
1%
#1950
0%
b11000010 *
#1955
b1111111011100111 "
b1111111011100111 2
b1110010101100000 !
b1110010101100000 3
b101000111 4
b1010001111111111011011111 1
b1111111011101001 7
b1110010110100100 8
b11111111011100111001100100100001 5
b11110010101100000111111001110101 6
1%
#1960
0%
b11000011 *
#1965
b1111100101010011 "
b1111100101010011 2
b1110010111110000 !
b1110010111110000 3
b100111001 4
b1001110011100011100010110 1
b1111100101100011 7
b1110011000101111 8
b11111100101010011110011111010111 5
b11110010111110000001110101001100 6
1%
#1970
0%
b11000100 *
#1975
b1111001111110001 "
b1111001111110001 2
b1110011110101100 !
b1110011110101100 3
b100101100 4
b1001011000010010001111110 1
b1111010000001101 7
b1110011111100101 8
b11111001111110001000111101001000 5
b11110011110101100100111100110101 6
1%
#1980
0%
b11000101 *
#1985
b1110111011111111 "
b1110111011111111 2
b1110101010000110 !
b1110101010000110 3
b100011110 4
b1000111101000000010101110 1
b1110111100100101 7
b1110101010110101 8
b11110111011111111111000111000110 5
b11110101010000110010110001011001 6
1%
#1990
0%
b11000110 *
#1995
b1110101010111001 "
b1110101010111001 2
b1110111001100001 !
b1110111001100001 3
b100010001 4
b1000100010110111000101011 1
b1110101011100110 7
b1110111010000111 8
b11110101010111001111111001000000 5
b11110111001100001111011011001100 6
1%
#2000
0%
b11000111 *
#2005
b1110011101010100 "
b1110011101010100 2
b1111001100010110 !
b1111001100010110 3
b100000100 4
b1000001001011110011011100 1
b1110011110000110 7
b1111001100110000 8
b11110011101010100011001000101001 5
b11111001100010110000011111111111 6
1%
#2010
0%
b11001000 *
#2015
b1110010011111010 "
b1110010011111010 2
b1111100001110000 !
b1111100001110000 3
b11111000 4
b111110000101110010111011 1
b1110010100101110 7
b1111100001111111 8
b11110010011111010101011000011110 5
b11111100001110000111001011111100 6
1%
#2020
0%
b11001001 *
#2025
b1110001111001010 "
b1110001111001010 2
b1111111000110101 !
b1111111000110101 3
b11101100 4
b111011000110001110111100 1
b1110001111111110 7
b1111111000111000 8
b11110001111001010111111110100000 5
b11111111000110101011000100001110 6
1%
#2030
0%
b11001010 *
#2035
b1110001111010111 "
b1110001111010111 2
b10000100011 !
b10000100011 3
b11100000 4
b111000001101110010110000 1
b1110010000001000 7
b10000011100 8
b11110001111010111011011010001001 5
b10000100011110010101100010 6
1%
#2040
0%
b11001011 *
#2045
b1110010100100100 "
b1110010100100100 2
b100111110111 !
b100111110111 3
b11010101 4
b110101011100110001011100 1
b1110010101010000 7
b100111100110 8
b11110010100100100010010110110011 5
b100111110111001100110011111 6
1%
#2050
0%
b11001100 *
#2055
b1110011110100110 "
b1110011110100110 2
b111101101101 !
b111101101101 3
b11001011 4
b110010110100000111100000 1
b1110011111001100 7
b111101010100 8
b11110011110100110010000010001111 5
b111101101101001100110110100 6
1%
#2060
0%
b11001101 *
#2065
b1110101101000100 "
b1110101101000100 2
b1010001000101 !
b1010001000101 3
b11000001 4
b110000010010001000010011 1
b1110101101100011 7
b1010000100110 8
b11110101101000100001100100110100 5
b1010001000101001111011111100 6
1%
#2070
0%
b11001110 *
#2075
b1110111111010111 "
b1110111111010111 2
b1100001000101 !
b1100001000101 3
b10110111 4
b101101110010100111110011 1
b1110111111101110 7
b1100000100011 8
b11110111111010111111000101000011 5
b1100001000101101111101010101 6
1%
#2080
0%
b11001111 *
#2085
b1111010100101110 "
b1111010100101110 2
b1101100111110 !
b1101100111110 3
b10101101 4
b101011011110011100000110 1
b1111010100111101 7
b1101100011001 8
b11111010100101110101000100110110 5
b1101100111110000001000001110 6
1%
#2090
0%
b11010000 *
#2095
b1111101100001110 "
b1111101100001110 2
b1110100001010 !
b1110100001010 3
b10100100 4
b101001001110000110010111 1
b1111101100010100 7
b1110011100101 8
b11111101100001110001110100101110 5
b1110100001010100100000010110 6
1%
#2100
0%
b11010001 *
#2105
b100110100 "
b100110100 2
b1110110010010 !
b1110110010010 3
b10011100 4
b100111000111010010010011 1
b100110011 7
b1110101101110 8
b100110100110001100001110 5
b1110110010010101001101111010 6
1%
#2110
0%
b11010010 *
#2115
b11101011011 "
b11101011011 2
b1110011001101 !
b1110011001101 3
b10010100 4
b100101000100011110000111 1
b11101010011 7
b1110010101100 8
b11101011011101010100010110 5
b1110011001101101101000110100 6
1%
#2120
0%
b11010011 *
#2125
b110100111101 "
b110100111101 2
b1101011000001 !
b1101011000001 3
b10001100 4
b100011001001001010101100 1
b110100101110 7
b1101010100100 8
b110100111101001111001011101 5
b1101011000001100001110000101 6
1%
#2130
0%
b11010100 *
#2135
b1001010010110 "
b1001010010110 2
b1011110000011 !
b1011110000011 3
b10000101 4
b100001010011111000011000 1
b1001010000010 7
b1011101101010 8
b1001010010110001100101001011 5
b1011110000011000010111011101 6
1%
#2140
0%
b11010101 *
#2145
b1011100101000 "
b1011100101000 2
b1001100110100 !
b1001100110100 3
b1111101 4
b11111011110000001011011 1
b1011100010001 7
b1001100100010 8
b1011100101000000000100011100 5
b1001100110100111001100111000 6
1%
#2150
0%
b11010110 *
#2155
b1101010111101 "
b1101010111101 2
b111000000101 !
b111000000101 3
b1110111 4
b11101110010011010110000 1
b1101010100100 7
b110111111000 8
b1101010111101010110101000000 5
b111000000101000010101010000 6
1%
#2160
0%
b11010111 *
#2165
b1110100101011 "
b1110100101011 2
b100000101110 !
b100000101110 3
b1110000 4
b11100001010111011101110 1
b1110100010001 7
b100000100111 8
b1110100101011000100111100101 5
b100000101110100001100101011 6
1%
#2170
0%
b11011000 *
#2175
b1111001010100 "
b1111001010100 2
b111110001 !
b111110001 3
b1101010 4
b11010100110000101000110 1
b1111000111011 7
b111101111 8
b1111001010100010000001100000 5
b111110001010101011101111 6
1%
#2180
0%
b11011001 *
#2185
b1111000101001 "
b1111000101001 2
b1111101110010100 !
b1111101110010100 3
b1100100 4
b11001001000111111001110 1
b1111000010001 7
b1111101110010111 8
b1111000101001001011010000001 5
b11111101110010100011011101101100 6
1%
#2190
0%
b11011010 *
#2195
b1110010101001 "
b1110010101001 2
b1111010101011111 !
b1111010101011111 3
b1011110 4
b10111101111101011111111 1
b1110010010100 7
b1111010101100111 8
b1110010101001111010101110000 5
b11111010101011111101000010111101 6
1%
#2200
0%
b11011011 *
#2205
b1100111100100 "
b1100111100100 2
b1110111110011001 !
b1110111110011001 3
b1011001 4
b10110011010111010101100 1
b1100111010010 7
b1110111110100100 8
b1100111100100111001010011001 5
b11110111110011001100110010101011 6
1%
#2210
0%
b11011100 *
#2215
b1010111111000 "
b1010111111000 2
b1110101010000100 !
b1110101010000100 3
b1010100 4
b10101001000101011011000 1
b1010111101010 7
b1110101010010010 8
b1010111111000100000111101101 5
b11110101010000100100111100101000 6
1%
#2220
0%
b11011101 *
#2225
b1000100010000 "
b1000100010000 2
b1110011001011011 !
b1110011001011011 3
b1001111 4
b10011111011001000000011 1
b1000100000101 7
b1110011001101010 8
b1000100010000000100111011111 5
b11110011001011011000100001101110 6
1%
#2230
0%
b11011110 *
#2235
b101101100010 "
b101101100010 2
b1110001101001101 !
b1110001101001101 3
b1001011 4
b10010110011011100100011 1
b101101011011 7
b1110001101011110 8
b101101100010001111010111000 5
b11110001101001101011111100110110 6
1%
#2240
0%
b11011111 *
#2245
b10100101101 "
b10100101101 2
b1110000101111111 !
b1110000101111111 3
b1000110 4
b10001101010011100111011 1
b10100101010 7
b1110000110001111 8
b10100101101100101110011101 5
b11110000101111111000001010100100 6
1%
#2250
0%
b11100000 *
#2255
b1111111010110111 "
b1111111010110111 2
b1110000100000110 !
b1110000100000110 3
b1000010 4
b10000101010110111011100 1
b1111111010111000 7
b1110000100010110 8
b11111111010110111110001001110111 5
b11110000100000110001100111011111 6
1%
#2260
0%
b11100001 *
#2265
b1111100001001001 "
b1111100001001001 2
b1110000111101001 !
b1110000111101001 3
b111110 4
b1111101001110010000110 1
b1111100001001101 7
b1110000111110111 8
b11111100001001001101011110000000 5
b11110000111101001001000011001111 6
1%
#2270
0%
b11100010 *
#2275
b1111001000101100 "
b1111001000101100 2
b1110010000011111 !
b1110010000011111 3
b111010 4
b1110101100111100000011 1
b1111001000110010 7
b1110010000101011 8
b11111001000101100010100100001101 5
b11110010000011111010101101001101 6
1%
#2280
0%
b11100011 *
#2285
b1110110010100101 "
b1110110010100101 2
b1110011110010000 !
b1110011110010000 3
b110111 4
b1101110100101001110011 1
b1110110010101101 7
b1110011110011010 8
b11110110010100101001001100011110 5
b11110011110010000011111001100110 6
1%
#2290
0%
b11100100 *
#2295
b1110011111110010 "
b1110011111110010 2
b1110110000010111 !
b1110110000010111 3
b110011 4
b1100111110110001101100 1
b1110011111111100 7
b1110110000011110 8
b11110011111110010111110100001000 5
b11110110000010111000000000001001 6
1%
#2300
0%
b11100101 *
#2305
b1110010001001010 "
b1110010001001010 2
b1111000110000001 !
b1111000110000001 3
b110000 4
b1100001011001001001100 1
b1110010001010100 7
b1111000110000110 8
b11110010001001010011011100000011 5
b11111000110000001010010101100010 6
1%
#2310
0%
b11100110 *
#2315
b1110000111010110 "
b1110000111010110 2
b1111011110010010 !
b1111011110010010 3
b101101 4
b1011011101101110000110 1
b1110000111100001 7
b1111011110010101 8
b11110000111010110110101110110010 5
b11111011110010010000101100000011 6
1%
#2320
0%
b11100111 *
#2325
b1110000010110011 "
b1110000010110011 2
b1111111000000110 !
b1111111000000110 3
b101011 4
b1010110000101011011000 1
b1110000010111110 7
b1111111000000110 8
b11110000010110011100010111101100 5
b11111111000000110000001001101100 6
1%
#2330
0%
b11101000 *
#2335
b1110000011101111 "
b1110000011101111 2
b10010010100 !
b10010010100 3
b101000 4
b1010000010001101010111 1
b1110000011111000 7
b10010010011 8
b11110000011101111001011111001010 5
b10010010100100001001101001 6
1%
#2340
0%
b11101001 *
#2345
b1110001010000111 "
b1110001010000111 2
b101011110011 !
b101011110011 3
b100101 4
b1001011110001111011111 1
b1110001010010000 7
b101011101111 8
b11110001010000111111100100100000 5
b101011110011000111000001000 6
1%
#2350
0%
b11101010 *
#2355
b1110010101101011 "
b1110010101101011 2
b1000011011011 !
b1000011011011 3
b100011 4
b1000110110011001011000 1
b1110010101110010 7
b1000011010110 8
b11110010101101011011001000001001 5
b1000011011011000101011010011 6
1%
#2360
0%
b11101011 *
#2365
b1110100101111011 "
b1110100101111011 2
b1011000001001 !
b1011000001001 3
b100001 4
b1000010011101111110111 1
b1110100110000000 7
b1011000000011 8
b11110100101111011000011010001011 5
b1011000001001010000101000000 6
1%
#2370
0%
b11101100 *
#2375
b1110111010001001 "
b1110111010001001 2
b1101001000010 !
b1101001000010 3
b11111 4
b111110100100001000111 1
b1110111010001101 7
b1101000111100 8
b11110111010001001100110010010100 5
b1101001000010101110110101001 6
1%
#2380
0%
b11101101 *
#2385
b1111010001011101 "
b1111010001011101 2
b1110101010111 !
b1110101010111 3
b11101 4
b111011010001100000000 1
b1111010001100000 7
b1110101010000 8
b11111010001011101101011000101110 5
b1110101010111010110101110011 6
1%
#2390
0%
b11101110 *
#2395
b1111101010110110 "
b1111101010110110 2
b1111100100100 !
b1111100100100 3
b11011 4
b110111100100110101011 1
b1111101010110111 7
b1111100011110 8
b11111101010110110101000110001100 5
b1111100100100110100111001101 6
1%
#2400
0%
b11101111 *
#2405
b101001101 "
b101001101 2
b1111110010101 !
b1111110010101 3
b11010 4
b110100101110011110110 1
b101001101 7
b1111110001111 8
b101001101010110111011110 5
b1111110010101101111000111000 6
1%
#2410
0%
b11110000 *
#2415
b11111011000 "
b11111011000 2
b1111010100100 !
b1111010100100 3
b11000 4
b110001111001001011011 1
b11111010110 7
b1111010011111 8
b11111011000001100100010101 5
b1111010100100110101111110011 6
1%
#2420
0%
b11110001 *
#2425
b111000001101 "
b111000001101 2
b1110001011100 !
b1110001011100 3
b10111 4
b101111010010111110110 1
b111000001011 7
b1110001010111 8
b111000001101100010101110001 5
b1110001011100001100110101001 6
1%
#2430
0%
b11110010 *
#2435
b1001110100111 "
b1001110100111 2
b1100011010101 !
b1100011010101 3
b10110 4
b101101000101110010110 1
b1001110100011 7
b1100011010001 8
b1001110100111010000000010010 5
b1100011010101110000010101101 6
1%
#2440
0%
b11110011 *
#2445
b1100001100110 "
b1100001100110 2
b1010000110111 !
b1010000110111 3
b10101 4
b101010100111111101100 1
b1100001100010 7
b1010000110100 8
b1100001100110110010110010111 5
b1010000110111011000100011101 6
1%
#2450
0%
b11110100 *
#2455
b1110000010101 "
b1110000010101 2
b111010110101 !
b111010110101 3
b10100 4
b101000011010110110110 1
b1110000010001 7
b111010110011 8
b1110000010101110111111000111 5
b111010110101100100110011010 6
1%
#2460
0%
b11110101 *
#2465
b1111010001011 "
b1111010001011 2
b100010001101 !
b100010001101 3
b10011 4
b100110100010101001100 1
b1111010000110 7
b100010001100 8
b1111010001011010000000110111 5
b100010001101010010101000111 6
1%
#2470
0%
b11110110 *
#2475
b1111110101011 "
b1111110101011 2
b1000000011 !
b1000000011 3
b10010 4
b100100001010100000110 1
b1111110100111 7
b1000000011 8
b1111110101011101110101110011 5
b1000000011110000010011011 6
1%
#2480
0%
b11110111 *
#2485
b1111101101001 "
b1111101101001 2
b1111101101100001 !
b1111101101100001 3
b10001 4
b100010100111101101100 1
b1111101100100 7
b1111101101100010 8
b1111101101001000110100110111 5
b11111101101100001100011100111111 6
1%
#2490
0%
b11111000 *
#2495
b1110111000111 "
b1110111000111 2
b1111010011110001 !
b1111010011110001 3
b10000 4
b100000000100010110011 1
b1110111000011 7
b1111010011110010 8
b1110111000111000011100000001 5
b11111010011110001100111001101111 6
1%
#2500
0%
b11111001 *
#2505
b1101011010110 "
b1101011010110 2
b1110111011111011 !
b1110111011111011 3
b1111 4
b11110001000000001110 1
b1101011010011 7
b1110111011111101 8
b1101011010110111101110010110 5
b11110111011111011111010110111100 6
1%
#2510
0%
b11111010 *
#2515
b1011010111000 "
b1011010111000 2
b1110100111000011 !
b1110100111000011 3
b1110 4
b11100011001001101110 1
b1011010110101 7
b1110100111000101 8
b1011010111000011110101001101 5
b11110100111000011011000110000100 6
1%
#2520
0%
b11111011 *
#2525
b1000110011011 "
b1000110011011 2
b1110010110000011 !
b1110010110000011 3
b1101 4
b11010101000001101011 1
b1000110011001 7
b1110010110000110 8
b1000110011011000010010111100 5
b11110010110000011011101110010010 6
1%
#2530
0%
b11111100 *
#2535
b101110110111 "
b101110110111 2
b1110001001101011 !
b1110001001101011 3
b1100 4
b11000111001101011000 1
b101110110110 7
b1110001001101110 8
b101110110111101111001011011 5
b11110001001101011010100010110101 6
1%
#2540
0%
b11111101 *
#2545
b10101001111 "
b10101001111 2
b1110000010011110 !
b1110000010011110 3
b1011 4
b10110111100000111100 1
b10101001110 7
b1110000010100000 8
b10101001111011000000100101 5
b11110000010011110001111001100001 6
1%
#2550
0%
b11111110 *
#2555
b1111111010101010 "
b1111111010101010 2
b1110000000110000 !
b1110000000110000 3
b1010 4
b10101010110101011000 1
b1111111010101010 7
b1110000000110010 8
b11111111010101010110011010010110 5
b11110000000110000100000010011001 6
1%
#2560
0%
b11111111 *
#2565
b1111100000010011 "
b1111100000010011 2
b1110000100100110 !
b1110000100100110 3
b10100010010111011111 1
b1111100000010100 7
b1110000100101001 8
b11111100000010011100101011000000 5
b11110000100100110101001100011000 6
1%
#2570
0%
b100000000 *
#2575
b1111000111010100 "
b1111000111010100 2
b1110001101110110 !
b1110001101110110 3
b1001 4
b10010011110010000111 1
b1111000111010101 7
b1110001101111000 8
b11111000111010100001101110100111 5
b11110001101110110011011101001001 6
1%
#2580
0%
b100000001 *
#2585
b1110110000110011 "
b1110110000110011 2
b1110011100000110 !
b1110011100000110 3
b1000 4
b10000111001100111111 1
b1110110000110100 7
b1110011100000111 8
b11110110000110011000000000001110 5
b11110011100000110011001100101100 6
1%
#2590
0%
b100000010 *
#2595
b1110011101101111 "
b1110011101101111 2
b1110101110101110 !
b1110101110101110 3
b111 4
b1111110110101011111 1
b1110011101110000 7
b1110101110101111 8
b11110011101101111000000000011010 5
b11110101110101110100001110111010 6
1%
#2600
0%
b100000011 *
#2605
b1110001110111101 "
b1110001110111101 2
b1111000100111010 !
b1111000100111010 3
b1110101101101100011 1
b1110001110111110 7
b1111000100111011 8
b11110001110111101010010101110100 5
b11111000100111010011100011100010 6
1%
#2610
0%
b100000100 *
#2615
b1110000101000111 "
b1110000101000111 2
b1111011101101100 !
b1111011101101100 3
b110 4
b1101100011000110000 1
b1110000101001000 7
b1111011101101100 8
b11110000101000111010011110100110 5
b11111011101101100100000101100111 6
1%
#2620
0%
b100000101 *
#2625
b1110000000101000 "
b1110000000101000 2
b1111110111111111 !
b1111110111111111 3
b1100111010100011011 1
b1110000000101010 7
b1111110111111111 8
b11110000000101000110001110100100 5
b11111110111111111001001101011111 6
1%
#2630
0%
b100000110 *
#2635
b1110000001101110 "
b1110000001101110 2
b10010101001 !
b10010101001 3
b101 4
b1011101100001001110 1
b1110000001101111 7
b10010101001 8
b11110000001101110001110110101110 5
b10010101001010100110010001 6
1%
#2640
0%
b100000111 *
#2645
b1110001000010101 "
b1110001000010101 2
b101100011111 !
b101100011111 3
b1010111100001011011 1
b1110001000010110 7
b101100011111 8
b11110001000010101011110001101011 5
b101100011111101111101111001 6
1%
#2650
0%
b100001000 *
#2655
b1110010100001011 "
b1110010100001011 2
b1000100011001 !
b1000100011001 3
b1010011001011111111 1
b1110010100001100 7
b1000100011001 8
b11110010100001011001111010000011 5
b1000100011001111000111101000 6
1%
#2660
0%
b100001001 *
#2665
b1110100100101111 "
b1110100100101111 2
b1011001010100 !
b1011001010100 3
b100 4
b1001101110111001111 1
b1110100100101111 7
b1011001010100 8
b11110100100101111001000001001101 5
b1011001010100111000110100101 6
1%
#2670
0%
b100001010 *
#2675
b1110111001010010 "
b1110111001010010 2
b1101010010110 !
b1101010010110 3
b1001111011001011110 1
b1110111001010011 7
b1101010010101 8
b11110111001010010100001101011100 5
b1101010010110010111110010001 6
1%
#2680
0%
b100001011 *
#2685
b1111010000111011 "
b1111010000111011 2
b1110110101111 !
b1110110101111 3
b1001001100000100011 1
b1111010000111011 7
b1110110101110 8
b11111010000111011100110110010010 5
b1110110101111001111011100110 6
1%
#2690
0%
b100001100 *
#2695
b1111101010101000 "
b1111101010101000 2
b1111101111100 !
b1111101111100 3
b1000110110010100111 1
b1111101010101000 7
b1111101111011 8
b11111101010101000100111111101111 5
b1111101111100011001001001001 6
1%
#2700
0%
b100001101 *
#2705
b101010001 "
b101010001 2
b1111111101001 !
b1111111101001 3
b1000100001000011111 1
b101010001 7
b1111111101000 8
b101010001101111001110000 5
b1111111101001010011111001000 6
1%
#2710
0%
b100001110 *
#2715
b11111101100 "
b11111101100 2
b1111011110001 !
b1111011110001 3
b1000001110101110000 1
b11111101100 7
b1111011110000 8
b11111101100010110100001001 5
b1111011110001011001101100111 6
1%
#2720
0%
b100001111 *
#2725
b111000101110 "
b111000101110 2
b1110010011110 !
b1110010011110 3
b11 4
b111111111000111000 1
b111000101110 7
b1110010011110 8
b111000101110111011001000111 5
b1110010011110111100000010010 6
1%
#2730
0%
b100010000 *
#2735
b1001111010010 "
b1001111010010 2
b1100100001011 !
b1100100001011 3
b100 4
b1000010100011100110 1
b1001111010001 7
b1100100001011 8
b1001111010010011111110000010 5
b1100100001011111110000001110 6
1%
#2740
0%
b100010001 *
#2745
b1100010011000 "
b1100010011000 2
b1010001100000 !
b1010001100000 3
b1000010101001111111 1
b1100010011000 7
b1010001011111 8
b1100010011000110110011000111 5
b1010001100000100101011101110 6
1%
#2750
0%
b100010010 *
#2755
b1110001001011 "
b1110001001011 2
b111011010001 !
b111011010001 3
b1000101000110011100 1
b1110001001010 7
b111011010000 8
b1110001001011110011011101000 5
b111011010001011100110001000 6
1%
#2760
0%
b100010011 *
#2765
b1111011000010 "
b1111011000010 2
b100010011100 !
b100010011100 3
b1000001001101101111 1
b1111011000001 7
b100010011100 8
b1111011000010010100101101101 5
b100010011100011100111100101 6
1%
#2770
0%
b100010100 *
#2775
b1111111100000 "
b1111111100000 2
b1000000110 !
b1000000110 3
b11 4
b111110001111011100 1
b1111111100000 7
b1000000110 8
b1111111100000111100010110100 5
b1000000110110000011001000 6
1%
#2780
0%
b100010101 *
#2785
b1111110011010 "
b1111110011010 2
b1111101101011001 !
b1111101101011001 3
b111111101011101011 1
b1111110011001 7
b1111101101011010 8
b1111110011010001000111111001 5
b11111101101011001111110011100110 6
1%
#2790
0%
b100010110 *
#2795
b1110111110010 "
b1110111110010 2
b1111010011100000 !
b1111010011100000 3
b111011111100011111 1
b1110111110001 7
b1111010011100000 8
b1110111110010010011010110000 5
b11111010011100000101110001000010 6
1%
#2800
0%
b100010111 *
#2805
b1101011111010 "
b1101011111010 2
b1110111011100011 !
b1110111011100011 3
b111000100011001100 1
b1101011111010 7
b1110111011100100 8
b1101011111010111110101110110 5
b11110111011100011111100011000010 6
1%
#2810
0%
b100011000 *
#2815
b1011011010100 "
b1011011010100 2
b1110100110100110 !
b1110100110100110 3
b110100100011001100 1
b1011011010100 7
b1110100110100110 8
b1011011010100110000001111011 5
b11110100110100110010101010111100 6
1%
#2820
0%
b100011001 *
#2825
b1000110101111 "
b1000110101111 2
b1110010101100011 !
b1110010101100011 3
b110010100101110011 1
b1000110101110 7
b1110010101100011 8
b1000110101111000001011101000 5
b11110010101100011010101111011101 6
1%
#2830
0%
b100011010 *
#2835
b101111000011 "
b101111000011 2
b1110001001001010 !
b1110001001001010 3
b10 4
b101110110000010011 1
b101111000011 7
b1110001001001010 8
b101111000011101110111001001 5
b11110001001001010001010101011101 6
1%
#2840
0%
b100011011 *
#2845
b10101010011 "
b10101010011 2
b1110000001111101 !
b1110000001111101 3
b101110100100010011 1
b10101010011 7
b1110000001111110 8
b10101010011111000010100100 5
b11110000001111101101010101101101 6
1%
#2850
0%
b100011100 *
#2855
b1111111010100111 "
b1111111010100111 2
b1110000000010001 !
b1110000000010001 3
b100110110111101110 1
b1111111010100111 7
b1110000000010001 8
b11111111010100111111011111010011 5
b11110000000010001011000010011111 6
1%
#2860
0%
b100011101 *
#2865
b1111100000001010 "
b1111100000001010 2
b1110000100001010 !
b1110000100001010 3
b100100100100100011 1
b1111100000001010 7
b1110000100001011 8
b11111100000001010101100101101101 5
b11110000100001010111000000011111 6
1%
#2870
0%
b100011110 *
#2875
b1111000111000110 "
b1111000111000110 2
b1110001101011110 !
b1110001101011110 3
b1 4
b11100010001011000 1
b1111000111000110 7
b1110001101011110 8
b11111000111000110011110011110000 5
b11110001101011110101100101000100 6
1%
#2880
0%
b100011111 *
#2885
b1110110000100001 "
b1110110000100001 2
b1110011011110011 !
b1110011011110011 3
b11001100100010110 1
b1110110000100001 7
b1110011011110011 8
b11110110000100001011001011111111 5
b11110011011110011001100110011101 6
1%
#2890
0%
b100100000 *
#2895
b1110011101011010 "
b1110011101011010 2
b1110101110100000 !
b1110101110100000 3
b10101000001011100 1
b1110011101011010 7
b1110101110100000 8
b11110011101011010100110000010101 5
b11110101110100000101000110111111 6
1%
#2900
0%
b100100001 *
#2905
b1110001110100111 "
b1110001110100111 2
b1111000100110001 !
b1111000100110001 3
b10001110110101110 1
b1110001110100111 7
b1111000100110001 8
b11110001110100111001010100001111 5
b11111000100110001110011101111111 6
1%
#2910
0%
b100100010 *
#2915
b1110000100110001 "
b1110000100110001 2
b1111011101101000 !
b1111011101101000 3
b0 4
b1111101001011111 1
b1110000100110001 7
b1111011101101000 8
b11110000100110001010110111111001 5
b11111011101101000101011110001001 6
1%
#2920
0%
b100100011 *
#2925
b1110000000010011 "
b1110000000010011 2
b1111110111111111 !
b1111110111111111 3
b1011101010010110 1
b1110000000010011 7
b1111110111111111 8
b11110000000010011111010110111100 5
b11111110111111111111010000010011 6
1%
#2930
0%
b100100100 *
#2935
b1110000001011010 "
b1110000001011010 2
b10010101101 !
b10010101101 3
b1000001101110011 1
b1110000001011010 7
b10010101101 8
b11110000001011010111011000111111 5
b10010101101100000100100101 6
1%
#2940
0%
b100100101 *
#2945
b1110001000000011 "
b1110001000000011 2
b101100100111 !
b101100100111 3
b101010000000110 1
b1110001000000011 7
b101100100111 8
b11110001000000011111010001100001 5
b101100100111011000011110010 6
1%
#2950
0%
b100100110 *
#2955
b1110010011111100 "
b1110010011111100 2
b1000100100100 !
b1000100100100 3
b101101011100000 1
b1110010011111100 7
b1000100100100 8
b11110010011111100010110010000111 5
b1000100100100110010100010101 6
1%
#2960
0%
b100100111 *
#2965
b1110100100100011 "
b1110100100100011 2
b1011001100010 !
b1011001100010 3
b100011110110011 1
b1110100100100011 7
b1011001100010 8
b11110100100100011011101001000100 5
b1011001100010000100011000100 6
1%
#2970
0%
b100101000 *
#2975
b1110111001001010 "
b1110111001001010 2
b1101010100101 !
b1101010100101 3
b110010001000011 1
b1110111001001010 7
b1101010100101 8
b11110111001001010010000000110110 5
b1101010100101101110101110001 6
1%
#2980
0%
b100101001 *
#2985
b1111010000110111 "
b1111010000110111 2
b1110110111110 !
b1110110111110 3
b1000001100101011 1
b1111010000110111 7
b1110110111110 8
b11111010000110111010001000111001 5
b1110110111110101001100100010 6
1%
#2990
0%
b100101010 *
#2995
b1111101010100111 "
b1111101010100111 2
b1111110001010 !
b1111110001010 3
b1011000010101011 1
b1111101010100111 7
b1111110001010 8
b11111101010100111111111110110010 5
b1111110001010111010011011101 6
1%
#3000
0%
b100101011 *
#3005
b101010011 "
b101010011 2
b1111111110110 !
b1111111110110 3
b1011111010110011 1
b101010011 7
b1111111110110 8
b101010011101000010001110 5
b1111111110110001101110011101 6
1%
#3010
0%
b100101100 *
#3015
b11111110000 "
b11111110000 2
b1111011111100 !
b1111011111100 3
b1111011011110000 1
b11111110000 7
b1111011111100 8
b11111110000110000110111010 5
b1111011111100101111000010001 6
1%
#3020
0%
b100101101 *
#3025
b111000110100 "
b111000110100 2
b1110010101000 !
b1110010101000 3
b1 4
b10001011100110000 1
b111000110100 7
b1110010101000 8
b111000110100111001110000000 5
b1110010101000011010110101000 6
1%
#3030
0%
b100101110 *
#3035
b1001111011001 "
b1001111011001 2
b1100100010011 !
b1100100010011 3
b10101101010100110 1
b1001111011001 7
b1100100010011 8
b1001111011001111110101110001 5
b1100100010011111010101001111 6
1%
#3040
0%
b100101111 *
#3045
b1100010100000 "
b1100010100000 2
b1010001100110 !
b1010001100110 3
b11000001101011100 1
b1100010100000 7
b1010001100110 8
b1100010100000110010001011011 5
b1010001100110011110100101101 6
1%
#3050
0%
b100110000 *
#3055
b1110001010100 "
b1110001010100 2
b111011010101 !
b111011010101 3
b11011111111011110 1
b1110001010011 7
b111011010101 8
b1110001010100001101101100001 5
b111011010101010011101101101 6
1%
#3060
0%
b100110001 *
#3065
b1111011001011 "
b1111011001011 2
b100010011110 !
b100010011110 3
b11100011100011000 1
b1111011001010 7
b100010011110 8
b1111011001011001111001111011 5
b100010011110010010101011110 6
1%
#3070
0%
b100110010 *
#3075
b1111111101001 "
b1111111101001 2
b1000000110 !
b1000000110 3
b11010010111001011 1
b1111111101001 7
b1000000110 8
b1111111101001101010100001011 5
b1000000110110011110011111 6
1%
#3080
0%
b100110011 *
#3085
b1111110100010 "
b1111110100010 2
b1111101101011000 !
b1111101101011000 3
b11010111100111100 1
b1111110100010 7
b1111101101011000 8
b1111110100010011100110100100 5
b11111101101011000001011010101011 6
1%
#3090
0%
b100110100 *
#3095
b1110111111001 "
b1110111111001 2
b1111010011011110 !
b1111010011011110 3
b11011001101001011 1
b1110111111001 7
b1111010011011110 8
b1110111111001011100111011001 5
b11111010011011110010000001100100 6
1%
#3100
0%
b100110101 *
#3105
b1101100000000 "
b1101100000000 2
b1110111011100000 !
b1110111011100000 3
b11011110000000000 1
b1101100000000 7
b1110111011100000 8
b1101100000000111111010111010 5
b11110111011100000110011001000011 6
1%
#3110
0%
b100110110 *
#3115
b1011011011001 "
b1011011011001 2
b1110100110100010 !
b1110100110100010 3
b11011000110001011 1
b1011011011001 7
b1110100110100010 8
b1011011011001101001000111001 5
b11110100110100010100000000100010 6
1%
#3120
0%
b100110111 *
#3125
b1000110110010 "
b1000110110010 2
b1110010101011110 !
b1110010101011110 3
b11100011011111011 1
b1000110110010 7
b1110010101011111 8
b1000110110010110011100100000 5
b11110010101011110110011100110010 6
1%
#3130
0%
b100111000 *
#3135
b101111000101 "
b101111000101 2
b1110001001000100 !
b1110001001000100 3
b11001001111001110 1
b101111000101 7
b1110001001000101 8
b101111000101100010010010011 5
b11110001001000100111000100110011 6
1%
#3140
0%
b100111001 *
#3145
b10101010100 "
b10101010100 2
b1110000001110111 !
b1110000001110111 3
b10010010100011111 1
b10101010100 7
b1110000001110111 8
b10101010100100011000001100 5
b11110000001110111101000001110110 6
1%
#3150
0%
b100111010 *
#3155
b1111111010100111 "
b1111111010100111 2
b1110000000001011 !
b1110000000001011 3
b0 4
b1110111010010110 1
b1111111010100111 7
b1110000000001011 8
b11111111010100111101100000001011 5
b11110000000001011110011010101000 6
1%
#3160
0%
b100111011 *
#3165
b1111100000001001 "
b1111100000001001 2
b1110000100000101 !
b1110000100000101 3
b1100010110010110 1
b1111100000001001 7
b1110000100000101 8
b11111100000001001100100110101011 5
b11110000100000101011111011010001 6
1%
#3170
0%
b100111100 *
#3175
b1111000111000100 "
b1111000111000100 2
b1110001101011010 !
b1110001101011010 3
b1010011001001100 1
b1111000111000100 7
b1110001101011010 8
b11111000111000100100100011100101 5
b11110001101011010001111001111111 6
1%
#3180
0%
b100111101 *
#3185
b1110110000011110 "
b1110110000011110 2
b1110011011101111 !
b1110011011101111 3
b101100101011011 1
b1110110000011110 7
b1110011011101111 8
b11110110000011110110001000000010 5
b11110011011101111111001100010100 6
1%
#3190
0%
b100111110 *
#3195
b1110011101010111 "
b1110011101010111 2
b1110101110011101 !
b1110101110011101 3
b100001000100110 1
b1110011101010111 7
b1110101110011101 8
b11110011101010111000001010101011 5
b11110101110011101100000100100110 6
1%
#3200
0%
b100111111 *
#3205
b1110001110100100 "
b1110001110100100 2
b1111000100101111 !
b1111000100101111 3
b1111111111111111 4
b11111111111111111111111110010110 1
b1110001110100011 7
b1111000100101111 8
b11110001110100100000011001010010 5
b11111000100101111101110101011010 6
1%
#3210
0%
b101000000 *
#3215
b1110000100101110 "
b1110000100101110 2
b1111011101100111 !
b1111011101100111 3
b0 4
b11000001001011 1
b1110000100101110 7
b1111011101100111 8
b11110000100101110000000100100011 5
b11111011101100111010110011111000 6
1%
#3220
0%
b101000001 *
#3225
b1110000000010001 "
b1110000000010001 2
b1111110111111111 !
b1111110111111111 3
b1111111111111111 4
b11111111111111111111101011111111 1
b1110000000010000 7
b1111110111111111 8
b11110000000010001000001101110011 5
b11111110111111111100100010110111 6
1%
#3230
0%
b101000010 *
#3235
b1110000001011000 "
b1110000001011000 2
b10010101101 !
b10010101101 3
b0 4
b10011010111 1
b1110000001011000 7
b10010101101 8
b11110000001011000111101111010111 5
b10010101101111011001011111 6
1%
#3240
0%
b101000011 *
#3245
b1110001000000010 "
b1110001000000010 2
b101100100111 !
b101100100111 3
b1111111111111111 4
b11111111111111111101110000001110 1
b1110001000000001 7
b101100100111 8
b11110001000000010001011111111000 5
b101100100111101101100000101 6
1%
#3250
0%
b101000100 *
#3255
b1110010011111011 "
b1110010011111011 2
b1000100100100 !
b1000100100100 3
b0 4
b10010011010111 1
b1110010011111011 7
b1000100100100 8
b11110010011111011010111101010011 5
b1000100100100111111110110010 6
1%
#3260
0%
b101000101 *
#3265
b1110100100100010 "
b1110100100100010 2
b1011001100010 !
b1011001100010 3
b1100111111000 1
b1110100100100010 7
b1011001100010 8
b11110100100100010011110100010000 5
b1011001100010010001101100001 6
1%
#3270
0%
b101000110 *
#3275
b1110111001001001 "
b1110111001001001 2
b1101010100101 !
b1101010100101 3
b100000011010110 1
b1110111001001001 7
b1101010100101 8
b11110111001001001010001100000010 5
b1101010100101111100000001110 6
1%
#3280
0%
b101000111 *
#3285
b1111010000110110 "
b1111010000110110 2
b1110110111110 !
b1110110111110 3
b110101110011000 1
b1111010000110110 7
b1110110111110 8
b11111010000110110010010100000101 5
b1110110111110110110110111111 6
1%
#3290
0%
b101001000 *
#3295
b1111101010100111 "
b1111101010100111 2
b1111110001011 !
b1111110001011 3
b111000110010110 1
b1111101010100111 7
b1111110001011 8
b11111101010100111000001001111110 5
b1111110001011000111101111010 6
1%
#3300
0%
b101001001 *
#3305
b101010011 "
b101010011 2
b1111111110111 !
b1111111110111 3
b111111011000110 1
b101010011 7
b1111111110111 8
b101010011110101100101011 5
b1111111110111001100011010001 6
1%
#3310
0%
b101001010 *
#3315
b11111110000 "
b11111110000 2
b1111011111101 !
b1111011111101 3
b1011100011110111 1
b11111110000 7
b1111011111101 8
b11111110000111110001010111 5
b1111011111101101101101000101 6
1%
#3320
0%
b101001011 *
#3325
b111000110100 "
b111000110100 2
b1110010101001 !
b1110010101001 3
b1101110111011111 1
b111000110100 7
b1110010101001 8
b111000110100111111111101001 5
b1110010101001001011000110100 6
1%
#3330
0%
b101001100 *
#3335
b1001111011010 "
b1001111011010 2
b1100100010100 !
b1100100010100 3
b1 4
b10000000011001100 1
b1001111011010 7
b1100100010100 8
b1001111011010001100000001111 5
b1100100010100111001010000100 6
1%
#3340
0%
b101001101 *
#3345
b1100010100001 "
b1100010100001 2
b1010001100111 !
b1010001100111 3
b10010100101001110 1
b1100010100001 7
b1010001100111 8
b1100010100001111110000101101 5
b1010001100111001111111000101 6
1%
#3350
0%
b101001110 *
#3355
b1110001010101 "
b1110001010101 2
b111011010110 !
b111011010110 3
b10100111010001110 1
b1110001010101 7
b111011010101 8
b1110001010101011001100110100 5
b111011010110000101000000100 6
1%
#3360
0%
b101001111 *
#3365
b1111011001100 "
b1111011001100 2
b100010011111 !
b100010011111 3
b10100101111101100 1
b1111011001100 7
b100010011110 8
b1111011001100011011001001110 5
b100010011111000011111110101 6
1%
#3370
0%
b101010000 *
#3375
b1111111101010 "
b1111111101010 2
b1000000111 !
b1000000111 3
b10110000111101011 1
b1111111101010 7
b1000000111 8
b1111111101010110110011011101 5
b1000000111100101000110111 6
1%
#3380
0%
b101010001 *
#3385
b1111110100011 "
b1111110100011 2
b1111101101011000 !
b1111101101011000 3
b10110111111110111 1
b1111110100011 7
b1111101101011000 8
b1111110100011101000101110110 5
b11111101101011000111100101000010 6
1%
#3390
0%
b101010010 *
#3395
b1110111111010 "
b1110111111010 2
b1111010011011110 !
b1111010011011110 3
b10111011101011000 1
b1110111111010 7
b1111010011011110 8
b1110111111010011011100001110 5
b11111010011011110000010111000111 6
1%
#3400
0%
b101010011 *
#3405
b1101100000001 "
b1101100000001 2
b1110111011100000 !
b1110111011100000 3
b11000010111111111 1
b1101100000001 7
b1110111011100000 8
b1101100000001111101111101111 5
b11110111011100000100101110100110 6
1%
#3410
0%
b101010100 *
#3415
b1011011011010 "
b1011011011010 2
b1110100110100010 !
b1110100110100010 3
b11000001111011000 1
b1011011011010 7
b1110100110100010 8
b1011011011010100111101101110 5
b11110100110100010010010110000101 6
1%
#3420
0%
b101010101 *
#3425
b1000110110011 "
b1000110110011 2
b1110010101011110 !
b1110010101011110 3
b10110111001010011 1
b1000110110011 7
b1110010101011110 8
b1000110110011110010001010101 5
b11110010101011110100110010010100 6
1%
#3430
0%
b101010110 *
#3435
b101111000110 "
b101111000110 2
b1110001001000100 !
b1110001001000100 3
b10100000011001100 1
b101111000110 7
b1110001001000100 8
b101111000110100000111001000 5
b11110001001000100101011010010101 6
1%
#3440
0%
b101010111 *
#3445
b10101010101 "
b10101010101 2
b1110000001110111 !
b1110000001110111 3
b10001101001110110 1
b10101010101 7
b1110000001110111 8
b10101010101100001101000001 5
b11110000001110111011010111011001 6
1%
#3450
0%
b101011000 *
#3455
b1111111010101000 "
b1111111010101000 2
b1110000000001011 !
b1110000000001011 3
b0 4
b1111000101000111 1
b1111111010101000 7
b1110000000001011 8
b11111111010101000101010100111111 5
b11110000000001011100110000001011 6
1%
#3460
0%
b101011001 *
#3465
b1111100000001010 "
b1111100000001010 2
b1110000100000101 !
b1110000100000101 3
b1101010110000011 1
b1111100000001010 7
b1110000100000101 8
b11111100000001010100011011011111 5
b11110000100000101010010000110100 6
1%
#3470
0%
b101011010 *
#3475
b1111000111000101 "
b1111000111000101 2
b1110001101011010 !
b1110001101011010 3
b1100001011000011 1
b1111000111000101 7
b1110001101011010 8
b11111000111000101100011000011001 5
b11110001101011010000001111100010 6
1%
#3480
0%
b101011011 *
#3485
b1110110000011111 "
b1110110000011111 2
b1110011011101111 !
b1110011011101111 3
b1000000100011110 1
b1110110000011111 7
b1110011011101111 8
b11110110000011111101111100110110 5
b11110011011101111101100001110111 6
1%
#3490
0%
b101011100 *
#3495
b1110011101010111 "
b1110011101010111 2
b1110101110011101 !
b1110101110011101 3
b100001000100110 1
b1110011101010111 7
b1110101110011101 8
b11110011101010111111111111011111 5
b11110101110011101010011010001001 6
1%
#3500
0%
b101011101 *
#3505
b1110001110100100 "
b1110001110100100 2
b1111000100101111 !
b1111000100101111 3
b1111111111111111 4
b11111111111111111111111110010110 1
b1110001110100011 7
b1111000100101111 8
b11110001110100100000011001010010 5
b11111000100101111101110101011010 6
1%
#3510
0%
b101011110 *
#3515
b1110000100101110 "
b1110000100101110 2
b1111011101100111 !
b1111011101100111 3
b0 4
b11000001001011 1
b1110000100101110 7
b1111011101100111 8
b11110000100101110000000100100011 5
b11111011101100111010110011111000 6
1%
#3520
0%
b101011111 *
#3525
b1110000000010001 "
b1110000000010001 2
b1111110111111111 !
b1111110111111111 3
b1111111111111111 4
b11111111111111111111101011111111 1
b1110000000010000 7
b1111110111111111 8
b11110000000010001000001101110011 5
b11111110111111111100100010110111 6
1%
#3530
0%
b101100000 *
#3535
b1110000001011000 "
b1110000001011000 2
b10010101101 !
b10010101101 3
b0 4
b10011010111 1
b1110000001011000 7
b10010101101 8
b11110000001011000111101111010111 5
b10010101101111011001011111 6
1%
#3540
0%
b101100001 *
#3545
b1110001000000010 "
b1110001000000010 2
b101100100111 !
b101100100111 3
b1111111111111111 4
b11111111111111111101110000001110 1
b1110001000000001 7
b101100100111 8
b11110001000000010001011111111000 5
b101100100111101101100000101 6
1%
#3550
0%
b101100010 *
#3555
b1110010011111011 "
b1110010011111011 2
b1000100100100 !
b1000100100100 3
b0 4
b10010011010111 1
b1110010011111011 7
b1000100100100 8
b11110010011111011010111101010011 5
b1000100100100111111110110010 6
1%
#3560
0%
b101100011 *
#3565
b1110100100100010 "
b1110100100100010 2
b1011001100010 !
b1011001100010 3
b1100111111000 1
b1110100100100010 7
b1011001100010 8
b11110100100100010011110100010000 5
b1011001100010010001101100001 6
1%
#3570
0%
b101100100 *
#3575
b1110111001001001 "
b1110111001001001 2
b1101010100101 !
b1101010100101 3
b100000011010110 1
b1110111001001001 7
b1101010100101 8
b11110111001001001010001100000010 5
b1101010100101111100000001110 6
1%
#3580
0%
b101100101 *
#3585
b1111010000110110 "
b1111010000110110 2
b1110110111110 !
b1110110111110 3
b110101110011000 1
b1111010000110110 7
b1110110111110 8
b11111010000110110010010100000101 5
b1110110111110110110110111111 6
1%
#3590
0%
b101100110 *
#3595
b1111101010100111 "
b1111101010100111 2
b1111110001011 !
b1111110001011 3
b111000110010110 1
b1111101010100111 7
b1111110001011 8
b11111101010100111000001001111110 5
b1111110001011000111101111010 6
1%
#3600
0%
b101100111 *
#3605
b101010011 "
b101010011 2
b1111111110111 !
b1111111110111 3
b111111011000110 1
b101010011 7
b1111111110111 8
b101010011110101100101011 5
b1111111110111001100011010001 6
1%
#3610
0%
b101101000 *
#3615
b11111110000 "
b11111110000 2
b1111011111101 !
b1111011111101 3
b1011100011110111 1
b11111110000 7
b1111011111101 8
b11111110000111110001010111 5
b1111011111101101101101000101 6
1%
#3620
0%
b101101001 *
#3625
b111000110100 "
b111000110100 2
b1110010101001 !
b1110010101001 3
b1101110111011111 1
b111000110100 7
b1110010101001 8
b111000110100111111111101001 5
b1110010101001001011000110100 6
1%
#3630
0%
b101101010 *
#3635
b1001111011010 "
b1001111011010 2
b1100100010100 !
b1100100010100 3
b1 4
b10000000011001100 1
b1001111011010 7
b1100100010100 8
b1001111011010001100000001111 5
b1100100010100111001010000100 6
1%
#3640
0%
b101101011 *
#3645
b1100010100001 "
b1100010100001 2
b1010001100111 !
b1010001100111 3
b10010100101001110 1
b1100010100001 7
b1010001100111 8
b1100010100001111110000101101 5
b1010001100111001111111000101 6
1%
#3650
0%
b101101100 *
#3655
b1110001010101 "
b1110001010101 2
b111011010110 !
b111011010110 3
b10100111010001110 1
b1110001010101 7
b111011010101 8
b1110001010101011001100110100 5
b111011010110000101000000100 6
1%
#3660
0%
b101101101 *
#3665
b1111011001100 "
b1111011001100 2
b100010011111 !
b100010011111 3
b10100101111101100 1
b1111011001100 7
b100010011110 8
b1111011001100011011001001110 5
b100010011111000011111110101 6
1%
#3670
0%
b101101110 *
#3675
b1111111101010 "
b1111111101010 2
b1000000111 !
b1000000111 3
b10110000111101011 1
b1111111101010 7
b1000000111 8
b1111111101010110110011011101 5
b1000000111100101000110111 6
1%
#3680
0%
b101101111 *
#3685
b1111110100011 "
b1111110100011 2
b1111101101011000 !
b1111101101011000 3
b10110111111110111 1
b1111110100011 7
b1111101101011000 8
b1111110100011101000101110110 5
b11111101101011000111100101000010 6
1%
#3690
0%
b101110000 *
#3695
b1110111111010 "
b1110111111010 2
b1111010011011110 !
b1111010011011110 3
b10111011101011000 1
b1110111111010 7
b1111010011011110 8
b1110111111010011011100001110 5
b11111010011011110000010111000111 6
1%
#3700
0%
b101110001 *
#3705
b1101100000001 "
b1101100000001 2
b1110111011100000 !
b1110111011100000 3
b11000010111111111 1
b1101100000001 7
b1110111011100000 8
b1101100000001111101111101111 5
b11110111011100000100101110100110 6
1%
#3710
0%
b101110010 *
#3715
b1011011011010 "
b1011011011010 2
b1110100110100010 !
b1110100110100010 3
b11000001111011000 1
b1011011011010 7
b1110100110100010 8
b1011011011010100111101101110 5
b11110100110100010010010110000101 6
1%
#3720
0%
b101110011 *
#3725
b1000110110011 "
b1000110110011 2
b1110010101011110 !
b1110010101011110 3
b10110111001010011 1
b1000110110011 7
b1110010101011110 8
b1000110110011110010001010101 5
b11110010101011110100110010010100 6
1%
#3730
0%
b101110100 *
#3735
b101111000110 "
b101111000110 2
b1110001001000100 !
b1110001001000100 3
b10100000011001100 1
b101111000110 7
b1110001001000100 8
b101111000110100000111001000 5
b11110001001000100101011010010101 6
1%
#3740
0%
b101110101 *
#3745
b10101010101 "
b10101010101 2
b1110000001110111 !
b1110000001110111 3
b10001101001110110 1
b10101010101 7
b1110000001110111 8
b10101010101100001101000001 5
b11110000001110111011010111011001 6
1%
#3750
0%
b101110110 *
#3755
b1111111010101000 "
b1111111010101000 2
b1110000000001011 !
b1110000000001011 3
b0 4
b1111000101000111 1
b1111111010101000 7
b1110000000001011 8
b11111111010101000101010100111111 5
b11110000000001011100110000001011 6
1%
#3760
0%
b101110111 *
#3765
b1111100000001010 "
b1111100000001010 2
b1110000100000101 !
b1110000100000101 3
b1101010110000011 1
b1111100000001010 7
b1110000100000101 8
b11111100000001010100011011011111 5
b11110000100000101010010000110100 6
1%
#3770
0%
b101111000 *
#3775
b1111000111000101 "
b1111000111000101 2
b1110001101011010 !
b1110001101011010 3
b1100001011000011 1
b1111000111000101 7
b1110001101011010 8
b11111000111000101100011000011001 5
b11110001101011010000001111100010 6
1%
#3780
0%
b101111001 *
#3785
b1110110000011111 "
b1110110000011111 2
b1110011011101111 !
b1110011011101111 3
b1000000100011110 1
b1110110000011111 7
b1110011011101111 8
b11110110000011111101111100110110 5
b11110011011101111101100001110111 6
1%
#3790
0%
b101111010 *
#3795
b1110011101010111 "
b1110011101010111 2
b1110101110011101 !
b1110101110011101 3
b100001000100110 1
b1110011101010111 7
b1110101110011101 8
b11110011101010111111111111011111 5
b11110101110011101010011010001001 6
1%
#3800
0%
b101111011 *
#3805
b1110001110100100 "
b1110001110100100 2
b1111000100101111 !
b1111000100101111 3
b1111111111111111 4
b11111111111111111111111110010110 1
b1110001110100011 7
b1111000100101111 8
b11110001110100100000011001010010 5
b11111000100101111101110101011010 6
1%
#3810
0%
b101111100 *
#3815
b1110000100101110 "
b1110000100101110 2
b1111011101100111 !
b1111011101100111 3
b0 4
b11000001001011 1
b1110000100101110 7
b1111011101100111 8
b11110000100101110000000100100011 5
b11111011101100111010110011111000 6
1%
#3820
0%
b101111101 *
#3825
b1110000000010001 "
b1110000000010001 2
b1111110111111111 !
b1111110111111111 3
b1111111111111111 4
b11111111111111111111101011111111 1
b1110000000010000 7
b1111110111111111 8
b11110000000010001000001101110011 5
b11111110111111111100100010110111 6
1%
#3830
0%
b101111110 *
#3835
b1110000001011000 "
b1110000001011000 2
b10010101101 !
b10010101101 3
b0 4
b10011010111 1
b1110000001011000 7
b10010101101 8
b11110000001011000111101111010111 5
b10010101101111011001011111 6
1%
#3840
0%
b101111111 *
#3845
b1110001000000010 "
b1110001000000010 2
b101100100111 !
b101100100111 3
b1111111111111111 4
b11111111111111111101110000001110 1
b1110001000000001 7
b101100100111 8
b11110001000000010001011111111000 5
b101100100111101101100000101 6
1%
#3850
0%
b110000000 *
#3855
b1110010011111011 "
b1110010011111011 2
b1000100100100 !
b1000100100100 3
b0 4
b10010011010111 1
b1110010011111011 7
b1000100100100 8
b11110010011111011010111101010011 5
b1000100100100111111110110010 6
1%
#3860
0%
b110000001 *
#3865
b1110100100100010 "
b1110100100100010 2
b1011001100010 !
b1011001100010 3
b1100111111000 1
b1110100100100010 7
b1011001100010 8
b11110100100100010011110100010000 5
b1011001100010010001101100001 6
1%
#3870
0%
b110000010 *
#3875
b1110111001001001 "
b1110111001001001 2
b1101010100101 !
b1101010100101 3
b100000011010110 1
b1110111001001001 7
b1101010100101 8
b11110111001001001010001100000010 5
b1101010100101111100000001110 6
1%
#3880
0%
b110000011 *
#3885
b1111010000110110 "
b1111010000110110 2
b1110110111110 !
b1110110111110 3
b110101110011000 1
b1111010000110110 7
b1110110111110 8
b11111010000110110010010100000101 5
b1110110111110110110110111111 6
1%
#3890
0%
b110000100 *
#3895
b1111101010100111 "
b1111101010100111 2
b1111110001011 !
b1111110001011 3
b111000110010110 1
b1111101010100111 7
b1111110001011 8
b11111101010100111000001001111110 5
b1111110001011000111101111010 6
1%
#3900
0%
b110000101 *
#3905
b101010011 "
b101010011 2
b1111111110111 !
b1111111110111 3
b111111011000110 1
b101010011 7
b1111111110111 8
b101010011110101100101011 5
b1111111110111001100011010001 6
1%
#3910
0%
b110000110 *
#3915
b11111110000 "
b11111110000 2
b1111011111101 !
b1111011111101 3
b1011100011110111 1
b11111110000 7
b1111011111101 8
b11111110000111110001010111 5
b1111011111101101101101000101 6
1%
#3920
0%
b110000111 *
#3925
b111000110100 "
b111000110100 2
b1110010101001 !
b1110010101001 3
b1101110111011111 1
b111000110100 7
b1110010101001 8
b111000110100111111111101001 5
b1110010101001001011000110100 6
1%
#3930
0%
b110001000 *
#3935
b1001111011010 "
b1001111011010 2
b1100100010100 !
b1100100010100 3
b1 4
b10000000011001100 1
b1001111011010 7
b1100100010100 8
b1001111011010001100000001111 5
b1100100010100111001010000100 6
1%
#3940
0%
b110001001 *
#3945
b1100010100001 "
b1100010100001 2
b1010001100111 !
b1010001100111 3
b10010100101001110 1
b1100010100001 7
b1010001100111 8
b1100010100001111110000101101 5
b1010001100111001111111000101 6
1%
#3950
0%
b110001010 *
#3955
b1110001010101 "
b1110001010101 2
b111011010110 !
b111011010110 3
b10100111010001110 1
b1110001010101 7
b111011010101 8
b1110001010101011001100110100 5
b111011010110000101000000100 6
1%
#3960
0%
b110001011 *
#3965
b1111011001100 "
b1111011001100 2
b100010011111 !
b100010011111 3
b10100101111101100 1
b1111011001100 7
b100010011110 8
b1111011001100011011001001110 5
b100010011111000011111110101 6
1%
#3970
0%
b110001100 *
#3975
b1111111101010 "
b1111111101010 2
b1000000111 !
b1000000111 3
b10110000111101011 1
b1111111101010 7
b1000000111 8
b1111111101010110110011011101 5
b1000000111100101000110111 6
1%
#3980
0%
b110001101 *
#3985
b1111110100011 "
b1111110100011 2
b1111101101011000 !
b1111101101011000 3
b10110111111110111 1
b1111110100011 7
b1111101101011000 8
b1111110100011101000101110110 5
b11111101101011000111100101000010 6
1%
#3990
0%
b110001110 *
#3995
b1110111111010 "
b1110111111010 2
b1111010011011110 !
b1111010011011110 3
b10111011101011000 1
b1110111111010 7
b1111010011011110 8
b1110111111010011011100001110 5
b11111010011011110000010111000111 6
1%
#4000
0%
b110001111 *
#4005
b1101100000001 "
b1101100000001 2
b1110111011100000 !
b1110111011100000 3
b11000010111111111 1
b1101100000001 7
b1110111011100000 8
b1101100000001111101111101111 5
b11110111011100000100101110100110 6
1%
#4010
0%
b110010000 *
#4015
b1011011011010 "
b1011011011010 2
b1110100110100010 !
b1110100110100010 3
b11000001111011000 1
b1011011011010 7
b1110100110100010 8
b1011011011010100111101101110 5
b11110100110100010010010110000101 6
1%
#4020
0%
b110010001 *
#4025
b1000110110011 "
b1000110110011 2
b1110010101011110 !
b1110010101011110 3
b10110111001010011 1
b1000110110011 7
b1110010101011110 8
b1000110110011110010001010101 5
b11110010101011110100110010010100 6
1%
#4030
0%
b110010010 *
#4035
b101111000110 "
b101111000110 2
b1110001001000100 !
b1110001001000100 3
b10100000011001100 1
b101111000110 7
b1110001001000100 8
b101111000110100000111001000 5
b11110001001000100101011010010101 6
1%
#4040
0%
b110010011 *
#4045
b10101010101 "
b10101010101 2
b1110000001110111 !
b1110000001110111 3
b10001101001110110 1
b10101010101 7
b1110000001110111 8
b10101010101100001101000001 5
b11110000001110111011010111011001 6
1%
#4050
0%
b110010100 *
#4055
b1111111010101000 "
b1111111010101000 2
b1110000000001011 !
b1110000000001011 3
b0 4
b1111000101000111 1
b1111111010101000 7
b1110000000001011 8
b11111111010101000101010100111111 5
b11110000000001011100110000001011 6
1%
#4060
0%
b110010101 *
#4065
b1111100000001010 "
b1111100000001010 2
b1110000100000101 !
b1110000100000101 3
b1101010110000011 1
b1111100000001010 7
b1110000100000101 8
b11111100000001010100011011011111 5
b11110000100000101010010000110100 6
1%
#4070
0%
b110010110 *
#4075
b1111000111000101 "
b1111000111000101 2
b1110001101011010 !
b1110001101011010 3
b1100001011000011 1
b1111000111000101 7
b1110001101011010 8
b11111000111000101100011000011001 5
b11110001101011010000001111100010 6
1%
#4080
0%
b110010111 *
#4085
b1110110000011111 "
b1110110000011111 2
b1110011011101111 !
b1110011011101111 3
b1000000100011110 1
b1110110000011111 7
b1110011011101111 8
b11110110000011111101111100110110 5
b11110011011101111101100001110111 6
1%
#4090
0%
b110011000 *
#4095
b1110011101010111 "
b1110011101010111 2
b1110101110011101 !
b1110101110011101 3
b100001000100110 1
b1110011101010111 7
b1110101110011101 8
b11110011101010111111111111011111 5
b11110101110011101010011010001001 6
1%
#4100
0%
b110011001 *
#4105
b1110001110100100 "
b1110001110100100 2
b1111000100101111 !
b1111000100101111 3
b1111111111111111 4
b11111111111111111111111110010110 1
b1110001110100011 7
b1111000100101111 8
b11110001110100100000011001010010 5
b11111000100101111101110101011010 6
1%
#4110
0%
b110011010 *
#4115
b1110000100101110 "
b1110000100101110 2
b1111011101100111 !
b1111011101100111 3
b0 4
b11000001001011 1
b1110000100101110 7
b1111011101100111 8
b11110000100101110000000100100011 5
b11111011101100111010110011111000 6
1%
#4120
0%
b110011011 *
#4125
b1110000000010001 "
b1110000000010001 2
b1111110111111111 !
b1111110111111111 3
b1111111111111111 4
b11111111111111111111101011111111 1
b1110000000010000 7
b1111110111111111 8
b11110000000010001000001101110011 5
b11111110111111111100100010110111 6
1%
#4130
0%
b110011100 *
#4135
b1110000001011000 "
b1110000001011000 2
b10010101101 !
b10010101101 3
b0 4
b10011010111 1
b1110000001011000 7
b10010101101 8
b11110000001011000111101111010111 5
b10010101101111011001011111 6
1%
#4140
0%
b110011101 *
#4145
b1110001000000010 "
b1110001000000010 2
b101100100111 !
b101100100111 3
b1111111111111111 4
b11111111111111111101110000001110 1
b1110001000000001 7
b101100100111 8
b11110001000000010001011111111000 5
b101100100111101101100000101 6
1%
#4150
0%
b110011110 *
#4155
b1110010011111011 "
b1110010011111011 2
b1000100100100 !
b1000100100100 3
b0 4
b10010011010111 1
b1110010011111011 7
b1000100100100 8
b11110010011111011010111101010011 5
b1000100100100111111110110010 6
1%
#4160
0%
b110011111 *
#4165
b1110100100100010 "
b1110100100100010 2
b1011001100010 !
b1011001100010 3
b1100111111000 1
b1110100100100010 7
b1011001100010 8
b11110100100100010011110100010000 5
b1011001100010010001101100001 6
1%
#4170
0%
b110100000 *
#4175
b1110111001001001 "
b1110111001001001 2
b1101010100101 !
b1101010100101 3
b100000011010110 1
b1110111001001001 7
b1101010100101 8
b11110111001001001010001100000010 5
b1101010100101111100000001110 6
1%
#4180
0%
b110100001 *
#4185
b1111010000110110 "
b1111010000110110 2
b1110110111110 !
b1110110111110 3
b110101110011000 1
b1111010000110110 7
b1110110111110 8
b11111010000110110010010100000101 5
b1110110111110110110110111111 6
1%
#4190
0%
b110100010 *
#4195
b1111101010100111 "
b1111101010100111 2
b1111110001011 !
b1111110001011 3
b111000110010110 1
b1111101010100111 7
b1111110001011 8
b11111101010100111000001001111110 5
b1111110001011000111101111010 6
1%
#4200
0%
b110100011 *
#4205
b101010011 "
b101010011 2
b1111111110111 !
b1111111110111 3
b111111011000110 1
b101010011 7
b1111111110111 8
b101010011110101100101011 5
b1111111110111001100011010001 6
1%
#4210
0%
b110100100 *
#4215
b11111110000 "
b11111110000 2
b1111011111101 !
b1111011111101 3
b1011100011110111 1
b11111110000 7
b1111011111101 8
b11111110000111110001010111 5
b1111011111101101101101000101 6
1%
#4220
0%
b110100101 *
#4225
b111000110100 "
b111000110100 2
b1110010101001 !
b1110010101001 3
b1101110111011111 1
b111000110100 7
b1110010101001 8
b111000110100111111111101001 5
b1110010101001001011000110100 6
1%
#4230
0%
b110100110 *
#4235
b1001111011010 "
b1001111011010 2
b1100100010100 !
b1100100010100 3
b1 4
b10000000011001100 1
b1001111011010 7
b1100100010100 8
b1001111011010001100000001111 5
b1100100010100111001010000100 6
1%
#4240
0%
b110100111 *
#4245
b1100010100001 "
b1100010100001 2
b1010001100111 !
b1010001100111 3
b10010100101001110 1
b1100010100001 7
b1010001100111 8
b1100010100001111110000101101 5
b1010001100111001111111000101 6
1%
#4250
0%
b110101000 *
#4255
b1110001010101 "
b1110001010101 2
b111011010110 !
b111011010110 3
b10100111010001110 1
b1110001010101 7
b111011010101 8
b1110001010101011001100110100 5
b111011010110000101000000100 6
1%
#4260
0%
b110101001 *
#4265
b1111011001100 "
b1111011001100 2
b100010011111 !
b100010011111 3
b10100101111101100 1
b1111011001100 7
b100010011110 8
b1111011001100011011001001110 5
b100010011111000011111110101 6
1%
#4270
0%
b110101010 *
#4275
b1111111101010 "
b1111111101010 2
b1000000111 !
b1000000111 3
b10110000111101011 1
b1111111101010 7
b1000000111 8
b1111111101010110110011011101 5
b1000000111100101000110111 6
1%
#4280
0%
b110101011 *
#4285
b1111110100011 "
b1111110100011 2
b1111101101011000 !
b1111101101011000 3
b10110111111110111 1
b1111110100011 7
b1111101101011000 8
b1111110100011101000101110110 5
b11111101101011000111100101000010 6
1%
#4290
0%
b110101100 *
#4295
b1110111111010 "
b1110111111010 2
b1111010011011110 !
b1111010011011110 3
b10111011101011000 1
b1110111111010 7
b1111010011011110 8
b1110111111010011011100001110 5
b11111010011011110000010111000111 6
1%
#4300
0%
b110101101 *
#4305
b1101100000001 "
b1101100000001 2
b1110111011100000 !
b1110111011100000 3
b11000010111111111 1
b1101100000001 7
b1110111011100000 8
b1101100000001111101111101111 5
b11110111011100000100101110100110 6
1%
#4310
0%
b110101110 *
#4315
b1011011011010 "
b1011011011010 2
b1110100110100010 !
b1110100110100010 3
b11000001111011000 1
b1011011011010 7
b1110100110100010 8
b1011011011010100111101101110 5
b11110100110100010010010110000101 6
1%
#4320
0%
b110101111 *
#4325
b1000110110011 "
b1000110110011 2
b1110010101011110 !
b1110010101011110 3
b10110111001010011 1
b1000110110011 7
b1110010101011110 8
b1000110110011110010001010101 5
b11110010101011110100110010010100 6
1%
#4330
0%
b110110000 *
#4335
b101111000110 "
b101111000110 2
b1110001001000100 !
b1110001001000100 3
b10100000011001100 1
b101111000110 7
b1110001001000100 8
b101111000110100000111001000 5
b11110001001000100101011010010101 6
1%
#4340
0%
b110110001 *
#4345
b10101010101 "
b10101010101 2
b1110000001110111 !
b1110000001110111 3
b10001101001110110 1
b10101010101 7
b1110000001110111 8
b10101010101100001101000001 5
b11110000001110111011010111011001 6
1%
#4350
0%
b110110010 *
#4355
b1111111010101000 "
b1111111010101000 2
b1110000000001011 !
b1110000000001011 3
b0 4
b1111000101000111 1
b1111111010101000 7
b1110000000001011 8
b11111111010101000101010100111111 5
b11110000000001011100110000001011 6
1%
#4360
0%
b110110011 *
#4365
b1111100000001010 "
b1111100000001010 2
b1110000100000101 !
b1110000100000101 3
b1101010110000011 1
b1111100000001010 7
b1110000100000101 8
b11111100000001010100011011011111 5
b11110000100000101010010000110100 6
1%
#4370
0%
b110110100 *
#4375
b1111000111000101 "
b1111000111000101 2
b1110001101011010 !
b1110001101011010 3
b1100001011000011 1
b1111000111000101 7
b1110001101011010 8
b11111000111000101100011000011001 5
b11110001101011010000001111100010 6
1%
#4380
0%
b110110101 *
#4385
b1110110000011111 "
b1110110000011111 2
b1110011011101111 !
b1110011011101111 3
b1000000100011110 1
b1110110000011111 7
b1110011011101111 8
b11110110000011111101111100110110 5
b11110011011101111101100001110111 6
1%
#4390
0%
b110110110 *
#4395
b1110011101010111 "
b1110011101010111 2
b1110101110011101 !
b1110101110011101 3
b100001000100110 1
b1110011101010111 7
b1110101110011101 8
b11110011101010111111111111011111 5
b11110101110011101010011010001001 6
1%
#4400
0%
b110110111 *
#4405
b1110001110100100 "
b1110001110100100 2
b1111000100101111 !
b1111000100101111 3
b1111111111111111 4
b11111111111111111111111110010110 1
b1110001110100011 7
b1111000100101111 8
b11110001110100100000011001010010 5
b11111000100101111101110101011010 6
1%
#4410
0%
b110111000 *
#4415
b1110000100101110 "
b1110000100101110 2
b1111011101100111 !
b1111011101100111 3
b0 4
b11000001001011 1
b1110000100101110 7
b1111011101100111 8
b11110000100101110000000100100011 5
b11111011101100111010110011111000 6
1%
#4420
0%
b110111001 *
#4425
b1110000000010001 "
b1110000000010001 2
b1111110111111111 !
b1111110111111111 3
b1111111111111111 4
b11111111111111111111101011111111 1
b1110000000010000 7
b1111110111111111 8
b11110000000010001000001101110011 5
b11111110111111111100100010110111 6
1%
#4430
0%
b110111010 *
#4435
b1110000001011000 "
b1110000001011000 2
b10010101101 !
b10010101101 3
b0 4
b10011010111 1
b1110000001011000 7
b10010101101 8
b11110000001011000111101111010111 5
b10010101101111011001011111 6
1%
#4440
0%
b110111011 *
#4445
b1110001000000010 "
b1110001000000010 2
b101100100111 !
b101100100111 3
b1111111111111111 4
b11111111111111111101110000001110 1
b1110001000000001 7
b101100100111 8
b11110001000000010001011111111000 5
b101100100111101101100000101 6
1%
#4450
0%
b110111100 *
#4455
b1110010011111011 "
b1110010011111011 2
b1000100100100 !
b1000100100100 3
b0 4
b10010011010111 1
b1110010011111011 7
b1000100100100 8
b11110010011111011010111101010011 5
b1000100100100111111110110010 6
1%
#4460
0%
b110111101 *
#4465
b1110100100100010 "
b1110100100100010 2
b1011001100010 !
b1011001100010 3
b1100111111000 1
b1110100100100010 7
b1011001100010 8
b11110100100100010011110100010000 5
b1011001100010010001101100001 6
1%
#4470
0%
b110111110 *
#4475
b1110111001001001 "
b1110111001001001 2
b1101010100101 !
b1101010100101 3
b100000011010110 1
b1110111001001001 7
b1101010100101 8
b11110111001001001010001100000010 5
b1101010100101111100000001110 6
1%
#4480
0%
b110111111 *
#4485
b1111010000110110 "
b1111010000110110 2
b1110110111110 !
b1110110111110 3
b110101110011000 1
b1111010000110110 7
b1110110111110 8
b11111010000110110010010100000101 5
b1110110111110110110110111111 6
1%
#4490
0%
b111000000 *
#4495
b1111101010100111 "
b1111101010100111 2
b1111110001011 !
b1111110001011 3
b111000110010110 1
b1111101010100111 7
b1111110001011 8
b11111101010100111000001001111110 5
b1111110001011000111101111010 6
1%
#4500
0%
b111000001 *
#4505
b101010011 "
b101010011 2
b1111111110111 !
b1111111110111 3
b111111011000110 1
b101010011 7
b1111111110111 8
b101010011110101100101011 5
b1111111110111001100011010001 6
1%
#4510
0%
b111000010 *
#4515
b11111110000 "
b11111110000 2
b1111011111101 !
b1111011111101 3
b1011100011110111 1
b11111110000 7
b1111011111101 8
b11111110000111110001010111 5
b1111011111101101101101000101 6
1%
#4520
0%
b111000011 *
#4525
b111000110100 "
b111000110100 2
b1110010101001 !
b1110010101001 3
b1101110111011111 1
b111000110100 7
b1110010101001 8
b111000110100111111111101001 5
b1110010101001001011000110100 6
1%
#4530
0%
b111000100 *
#4535
b1001111011010 "
b1001111011010 2
b1100100010100 !
b1100100010100 3
b1 4
b10000000011001100 1
b1001111011010 7
b1100100010100 8
b1001111011010001100000001111 5
b1100100010100111001010000100 6
1%
#4540
0%
b111000101 *
#4545
b1100010100001 "
b1100010100001 2
b1010001100111 !
b1010001100111 3
b10010100101001110 1
b1100010100001 7
b1010001100111 8
b1100010100001111110000101101 5
b1010001100111001111111000101 6
1%
#4550
0%
b111000110 *
#4555
b1110001010101 "
b1110001010101 2
b111011010110 !
b111011010110 3
b10100111010001110 1
b1110001010101 7
b111011010101 8
b1110001010101011001100110100 5
b111011010110000101000000100 6
1%
#4560
0%
b111000111 *
#4565
b1111011001100 "
b1111011001100 2
b100010011111 !
b100010011111 3
b10100101111101100 1
b1111011001100 7
b100010011110 8
b1111011001100011011001001110 5
b100010011111000011111110101 6
1%
#4570
0%
b111001000 *
#4575
b1111111101010 "
b1111111101010 2
b1000000111 !
b1000000111 3
b10110000111101011 1
b1111111101010 7
b1000000111 8
b1111111101010110110011011101 5
b1000000111100101000110111 6
1%
#4580
0%
b111001001 *
#4585
b1111110100011 "
b1111110100011 2
b1111101101011000 !
b1111101101011000 3
b10110111111110111 1
b1111110100011 7
b1111101101011000 8
b1111110100011101000101110110 5
b11111101101011000111100101000010 6
1%
#4590
0%
b111001010 *
#4595
b1110111111010 "
b1110111111010 2
b1111010011011110 !
b1111010011011110 3
b10111011101011000 1
b1110111111010 7
b1111010011011110 8
b1110111111010011011100001110 5
b11111010011011110000010111000111 6
1%
#4600
0%
b111001011 *
#4605
b1101100000001 "
b1101100000001 2
b1110111011100000 !
b1110111011100000 3
b11000010111111111 1
b1101100000001 7
b1110111011100000 8
b1101100000001111101111101111 5
b11110111011100000100101110100110 6
1%
#4610
0%
b111001100 *
#4615
b1011011011010 "
b1011011011010 2
b1110100110100010 !
b1110100110100010 3
b11000001111011000 1
b1011011011010 7
b1110100110100010 8
b1011011011010100111101101110 5
b11110100110100010010010110000101 6
1%
#4620
0%
b111001101 *
#4625
b1000110110011 "
b1000110110011 2
b1110010101011110 !
b1110010101011110 3
b10110111001010011 1
b1000110110011 7
b1110010101011110 8
b1000110110011110010001010101 5
b11110010101011110100110010010100 6
1%
#4630
0%
b111001110 *
#4635
b101111000110 "
b101111000110 2
b1110001001000100 !
b1110001001000100 3
b10100000011001100 1
b101111000110 7
b1110001001000100 8
b101111000110100000111001000 5
b11110001001000100101011010010101 6
1%
#4640
0%
b111001111 *
#4645
b10101010101 "
b10101010101 2
b1110000001110111 !
b1110000001110111 3
b10001101001110110 1
b10101010101 7
b1110000001110111 8
b10101010101100001101000001 5
b11110000001110111011010111011001 6
1%
#4650
0%
b111010000 *
#4655
b1111111010101000 "
b1111111010101000 2
b1110000000001011 !
b1110000000001011 3
b0 4
b1111000101000111 1
b1111111010101000 7
b1110000000001011 8
b11111111010101000101010100111111 5
b11110000000001011100110000001011 6
1%
#4660
0%
b111010001 *
#4665
b1111100000001010 "
b1111100000001010 2
b1110000100000101 !
b1110000100000101 3
b1101010110000011 1
b1111100000001010 7
b1110000100000101 8
b11111100000001010100011011011111 5
b11110000100000101010010000110100 6
1%
#4670
0%
b111010010 *
#4675
b1111000111000101 "
b1111000111000101 2
b1110001101011010 !
b1110001101011010 3
b1100001011000011 1
b1111000111000101 7
b1110001101011010 8
b11111000111000101100011000011001 5
b11110001101011010000001111100010 6
1%
#4680
0%
b111010011 *
#4685
b1110110000011111 "
b1110110000011111 2
b1110011011101111 !
b1110011011101111 3
b1000000100011110 1
b1110110000011111 7
b1110011011101111 8
b11110110000011111101111100110110 5
b11110011011101111101100001110111 6
1%
#4690
0%
b111010100 *
#4695
b1110011101010111 "
b1110011101010111 2
b1110101110011101 !
b1110101110011101 3
b100001000100110 1
b1110011101010111 7
b1110101110011101 8
b11110011101010111111111111011111 5
b11110101110011101010011010001001 6
1%
#4700
0%
b111010101 *
#4705
b1110001110100100 "
b1110001110100100 2
b1111000100101111 !
b1111000100101111 3
b1111111111111111 4
b11111111111111111111111110010110 1
b1110001110100011 7
b1111000100101111 8
b11110001110100100000011001010010 5
b11111000100101111101110101011010 6
1%
#4710
0%
b111010110 *
#4715
b1110000100101110 "
b1110000100101110 2
b1111011101100111 !
b1111011101100111 3
b0 4
b11000001001011 1
b1110000100101110 7
b1111011101100111 8
b11110000100101110000000100100011 5
b11111011101100111010110011111000 6
1%
#4720
0%
b111010111 *
#4725
b1110000000010001 "
b1110000000010001 2
b1111110111111111 !
b1111110111111111 3
b1111111111111111 4
b11111111111111111111101011111111 1
b1110000000010000 7
b1111110111111111 8
b11110000000010001000001101110011 5
b11111110111111111100100010110111 6
1%
#4730
0%
b111011000 *
#4735
b1110000001011000 "
b1110000001011000 2
b10010101101 !
b10010101101 3
b0 4
b10011010111 1
b1110000001011000 7
b10010101101 8
b11110000001011000111101111010111 5
b10010101101111011001011111 6
1%
#4740
0%
b111011001 *
#4745
b1110001000000010 "
b1110001000000010 2
b101100100111 !
b101100100111 3
b1111111111111111 4
b11111111111111111101110000001110 1
b1110001000000001 7
b101100100111 8
b11110001000000010001011111111000 5
b101100100111101101100000101 6
1%
#4750
0%
b111011010 *
#4755
b1110010011111011 "
b1110010011111011 2
b1000100100100 !
b1000100100100 3
b0 4
b10010011010111 1
b1110010011111011 7
b1000100100100 8
b11110010011111011010111101010011 5
b1000100100100111111110110010 6
1%
#4760
0%
b111011011 *
#4765
b1110100100100010 "
b1110100100100010 2
b1011001100010 !
b1011001100010 3
b1100111111000 1
b1110100100100010 7
b1011001100010 8
b11110100100100010011110100010000 5
b1011001100010010001101100001 6
1%
#4770
0%
b111011100 *
#4775
b1110111001001001 "
b1110111001001001 2
b1101010100101 !
b1101010100101 3
b100000011010110 1
b1110111001001001 7
b1101010100101 8
b11110111001001001010001100000010 5
b1101010100101111100000001110 6
1%
#4780
0%
b111011101 *
#4785
b1111010000110110 "
b1111010000110110 2
b1110110111110 !
b1110110111110 3
b110101110011000 1
b1111010000110110 7
b1110110111110 8
b11111010000110110010010100000101 5
b1110110111110110110110111111 6
1%
#4790
0%
b111011110 *
#4795
b1111101010100111 "
b1111101010100111 2
b1111110001011 !
b1111110001011 3
b111000110010110 1
b1111101010100111 7
b1111110001011 8
b11111101010100111000001001111110 5
b1111110001011000111101111010 6
1%
#4800
0%
b111011111 *
#4805
b101010011 "
b101010011 2
b1111111110111 !
b1111111110111 3
b111111011000110 1
b101010011 7
b1111111110111 8
b101010011110101100101011 5
b1111111110111001100011010001 6
1%
#4810
0%
b111100000 *
#4815
b11111110000 "
b11111110000 2
b1111011111101 !
b1111011111101 3
b1011100011110111 1
b11111110000 7
b1111011111101 8
b11111110000111110001010111 5
b1111011111101101101101000101 6
1%
#4820
0%
b111100001 *
#4825
b111000110100 "
b111000110100 2
b1110010101001 !
b1110010101001 3
b1101110111011111 1
b111000110100 7
b1110010101001 8
b111000110100111111111101001 5
b1110010101001001011000110100 6
1%
#4830
0%
b111100010 *
#4835
b1001111011010 "
b1001111011010 2
b1100100010100 !
b1100100010100 3
b1 4
b10000000011001100 1
b1001111011010 7
b1100100010100 8
b1001111011010001100000001111 5
b1100100010100111001010000100 6
1%
#4840
0%
b111100011 *
#4845
b1100010100001 "
b1100010100001 2
b1010001100111 !
b1010001100111 3
b10010100101001110 1
b1100010100001 7
b1010001100111 8
b1100010100001111110000101101 5
b1010001100111001111111000101 6
1%
#4850
0%
b111100100 *
#4855
b1110001010101 "
b1110001010101 2
b111011010110 !
b111011010110 3
b10100111010001110 1
b1110001010101 7
b111011010101 8
b1110001010101011001100110100 5
b111011010110000101000000100 6
1%
#4860
0%
b111100101 *
#4865
b1111011001100 "
b1111011001100 2
b100010011111 !
b100010011111 3
b10100101111101100 1
b1111011001100 7
b100010011110 8
b1111011001100011011001001110 5
b100010011111000011111110101 6
1%
#4870
0%
b111100110 *
#4875
b1111111101010 "
b1111111101010 2
b1000000111 !
b1000000111 3
b10110000111101011 1
b1111111101010 7
b1000000111 8
b1111111101010110110011011101 5
b1000000111100101000110111 6
1%
#4880
0%
b111100111 *
#4885
b1111110100011 "
b1111110100011 2
b1111101101011000 !
b1111101101011000 3
b10110111111110111 1
b1111110100011 7
b1111101101011000 8
b1111110100011101000101110110 5
b11111101101011000111100101000010 6
1%
#4890
0%
b111101000 *
#4895
b1110111111010 "
b1110111111010 2
b1111010011011110 !
b1111010011011110 3
b10111011101011000 1
b1110111111010 7
b1111010011011110 8
b1110111111010011011100001110 5
b11111010011011110000010111000111 6
1%
#4900
0%
b111101001 *
#4905
b1101100000001 "
b1101100000001 2
b1110111011100000 !
b1110111011100000 3
b11000010111111111 1
b1101100000001 7
b1110111011100000 8
b1101100000001111101111101111 5
b11110111011100000100101110100110 6
1%
#4910
0%
b111101010 *
#4915
b1011011011010 "
b1011011011010 2
b1110100110100010 !
b1110100110100010 3
b11000001111011000 1
b1011011011010 7
b1110100110100010 8
b1011011011010100111101101110 5
b11110100110100010010010110000101 6
1%
#4920
0%
b111101011 *
#4925
b1000110110011 "
b1000110110011 2
b1110010101011110 !
b1110010101011110 3
b10110111001010011 1
b1000110110011 7
b1110010101011110 8
b1000110110011110010001010101 5
b11110010101011110100110010010100 6
1%
#4930
0%
b111101100 *
#4935
b101111000110 "
b101111000110 2
b1110001001000100 !
b1110001001000100 3
b10100000011001100 1
b101111000110 7
b1110001001000100 8
b101111000110100000111001000 5
b11110001001000100101011010010101 6
1%
#4940
0%
b111101101 *
#4945
b10101010101 "
b10101010101 2
b1110000001110111 !
b1110000001110111 3
b10001101001110110 1
b10101010101 7
b1110000001110111 8
b10101010101100001101000001 5
b11110000001110111011010111011001 6
1%
#4950
0%
b111101110 *
#4955
b1111111010101000 "
b1111111010101000 2
b1110000000001011 !
b1110000000001011 3
b0 4
b1111000101000111 1
b1111111010101000 7
b1110000000001011 8
b11111111010101000101010100111111 5
b11110000000001011100110000001011 6
1%
#4960
0%
b111101111 *
#4965
b1111100000001010 "
b1111100000001010 2
b1110000100000101 !
b1110000100000101 3
b1101010110000011 1
b1111100000001010 7
b1110000100000101 8
b11111100000001010100011011011111 5
b11110000100000101010010000110100 6
1%
#4970
0%
b111110000 *
#4975
b1111000111000101 "
b1111000111000101 2
b1110001101011010 !
b1110001101011010 3
b1100001011000011 1
b1111000111000101 7
b1110001101011010 8
b11111000111000101100011000011001 5
b11110001101011010000001111100010 6
1%
#4980
0%
b111110001 *
#4985
b1110110000011111 "
b1110110000011111 2
b1110011011101111 !
b1110011011101111 3
b1000000100011110 1
b1110110000011111 7
b1110011011101111 8
b11110110000011111101111100110110 5
b11110011011101111101100001110111 6
1%
#4990
0%
b111110010 *
#4995
b1110011101010111 "
b1110011101010111 2
b1110101110011101 !
b1110101110011101 3
b100001000100110 1
b1110011101010111 7
b1110101110011101 8
b11110011101010111111111111011111 5
b11110101110011101010011010001001 6
1%
#5000
0%
b111110011 *
#5005
b1110001110100100 "
b1110001110100100 2
b1111000100101111 !
b1111000100101111 3
b1111111111111111 4
b11111111111111111111111110010110 1
b1110001110100011 7
b1111000100101111 8
b11110001110100100000011001010010 5
b11111000100101111101110101011010 6
1%
#5010
0%
b111110100 *
#5015
b1110000100101110 "
b1110000100101110 2
b1111011101100111 !
b1111011101100111 3
b0 4
b11000001001011 1
b1110000100101110 7
b1111011101100111 8
b11110000100101110000000100100011 5
b11111011101100111010110011111000 6
1%
#5020
0%
b111110101 *
#5025
b1110000000010001 "
b1110000000010001 2
b1111110111111111 !
b1111110111111111 3
b1111111111111111 4
b11111111111111111111101011111111 1
b1110000000010000 7
b1111110111111111 8
b11110000000010001000001101110011 5
b11111110111111111100100010110111 6
1%
#5030
0%
b111110110 *
#5035
b1110000001011000 "
b1110000001011000 2
b10010101101 !
b10010101101 3
b0 4
b10011010111 1
b1110000001011000 7
b10010101101 8
b11110000001011000111101111010111 5
b10010101101111011001011111 6
1%
#5040
0%
b111110111 *
#5045
b1110001000000010 "
b1110001000000010 2
b101100100111 !
b101100100111 3
b1111111111111111 4
b11111111111111111101110000001110 1
b1110001000000001 7
b101100100111 8
b11110001000000010001011111111000 5
b101100100111101101100000101 6
1%
#5050
0%
b111111000 *
#5055
b1110010011111011 "
b1110010011111011 2
b1000100100100 !
b1000100100100 3
b0 4
b10010011010111 1
b1110010011111011 7
b1000100100100 8
b11110010011111011010111101010011 5
b1000100100100111111110110010 6
1%
#5060
0%
b111111001 *
#5065
b1110100100100010 "
b1110100100100010 2
b1011001100010 !
b1011001100010 3
b1100111111000 1
b1110100100100010 7
b1011001100010 8
b11110100100100010011110100010000 5
b1011001100010010001101100001 6
1%
#5070
0%
b111111010 *
#5075
b1110111001001001 "
b1110111001001001 2
b1101010100101 !
b1101010100101 3
b100000011010110 1
b1110111001001001 7
b1101010100101 8
b11110111001001001010001100000010 5
b1101010100101111100000001110 6
1%
#5080
0%
b111111011 *
#5085
b1111010000110110 "
b1111010000110110 2
b1110110111110 !
b1110110111110 3
b110101110011000 1
b1111010000110110 7
b1110110111110 8
b11111010000110110010010100000101 5
b1110110111110110110110111111 6
1%
#5090
0%
b111111100 *
#5095
b1111101010100111 "
b1111101010100111 2
b1111110001011 !
b1111110001011 3
b111000110010110 1
b1111101010100111 7
b1111110001011 8
b11111101010100111000001001111110 5
b1111110001011000111101111010 6
1%
#5100
0%
b111111101 *
#5105
b101010011 "
b101010011 2
b1111111110111 !
b1111111110111 3
b111111011000110 1
b101010011 7
b1111111110111 8
b101010011110101100101011 5
b1111111110111001100011010001 6
1%
#5110
0%
b111111110 *
#5115
b11111110000 "
b11111110000 2
b1111011111101 !
b1111011111101 3
b1011100011110111 1
b11111110000 7
b1111011111101 8
b11111110000111110001010111 5
b1111011111101101101101000101 6
1%
#5120
0%
b111111111 *
#5125
b111000110100 "
b111000110100 2
b1110010101001 !
b1110010101001 3
b1101110111011111 1
b111000110100 7
b1110010101001 8
b111000110100111111111101001 5
b1110010101001001011000110100 6
1%
#5130
0%
b1000000000 *
#5135
b1001111011010 "
b1001111011010 2
b1100100010100 !
b1100100010100 3
b1 4
b10000000011001100 1
b1001111011010 7
b1100100010100 8
b1001111011010001100000001111 5
b1100100010100111001010000100 6
1%
#5140
0%
b1000000001 *
#5145
b1100010100001 "
b1100010100001 2
b1010001100111 !
b1010001100111 3
b10010100101001110 1
b1100010100001 7
b1010001100111 8
b1100010100001111110000101101 5
b1010001100111001111111000101 6
1%
#5150
0%
b1000000010 *
#5155
b1110001010101 "
b1110001010101 2
b111011010110 !
b111011010110 3
b10100111010001110 1
b1110001010101 7
b111011010101 8
b1110001010101011001100110100 5
b111011010110000101000000100 6
1%
#5160
0%
b1000000011 *
#5165
b1111011001100 "
b1111011001100 2
b100010011111 !
b100010011111 3
b10100101111101100 1
b1111011001100 7
b100010011110 8
b1111011001100011011001001110 5
b100010011111000011111110101 6
1%
#5170
0%
b1000000100 *
#5175
b1111111101010 "
b1111111101010 2
b1000000111 !
b1000000111 3
b10110000111101011 1
b1111111101010 7
b1000000111 8
b1111111101010110110011011101 5
b1000000111100101000110111 6
1%
#5180
0%
b1000000101 *
#5185
b1111110100011 "
b1111110100011 2
b1111101101011000 !
b1111101101011000 3
b10110111111110111 1
b1111110100011 7
b1111101101011000 8
b1111110100011101000101110110 5
b11111101101011000111100101000010 6
1%
#5190
0%
b1000000110 *
#5195
b1110111111010 "
b1110111111010 2
b1111010011011110 !
b1111010011011110 3
b10111011101011000 1
b1110111111010 7
b1111010011011110 8
b1110111111010011011100001110 5
b11111010011011110000010111000111 6
1%
#5200
0%
b1000000111 *
#5205
b1101100000001 "
b1101100000001 2
b1110111011100000 !
b1110111011100000 3
b11000010111111111 1
b1101100000001 7
b1110111011100000 8
b1101100000001111101111101111 5
b11110111011100000100101110100110 6
1%
#5210
0%
b1000001000 *
#5215
b1011011011010 "
b1011011011010 2
b1110100110100010 !
b1110100110100010 3
b11000001111011000 1
b1011011011010 7
b1110100110100010 8
b1011011011010100111101101110 5
b11110100110100010010010110000101 6
1%
#5220
0%
b1000001001 *
#5225
b1000110110011 "
b1000110110011 2
b1110010101011110 !
b1110010101011110 3
b10110111001010011 1
b1000110110011 7
b1110010101011110 8
b1000110110011110010001010101 5
b11110010101011110100110010010100 6
1%
#5230
0%
b1000001010 *
#5235
b101111000110 "
b101111000110 2
b1110001001000100 !
b1110001001000100 3
b10100000011001100 1
b101111000110 7
b1110001001000100 8
b101111000110100000111001000 5
b11110001001000100101011010010101 6
1%
#5240
0%
b1000001011 *
#5245
b10101010101 "
b10101010101 2
b1110000001110111 !
b1110000001110111 3
b10001101001110110 1
b10101010101 7
b1110000001110111 8
b10101010101100001101000001 5
b11110000001110111011010111011001 6
1%
#5250
0%
b1000001100 *
#5255
b1111111010101000 "
b1111111010101000 2
b1110000000001011 !
b1110000000001011 3
b0 4
b1111000101000111 1
b1111111010101000 7
b1110000000001011 8
b11111111010101000101010100111111 5
b11110000000001011100110000001011 6
1%
#5260
0%
b1000001101 *
#5265
b1111100000001010 "
b1111100000001010 2
b1110000100000101 !
b1110000100000101 3
b1101010110000011 1
b1111100000001010 7
b1110000100000101 8
b11111100000001010100011011011111 5
b11110000100000101010010000110100 6
1%
#5270
0%
b1000001110 *
#5275
b1111000111000101 "
b1111000111000101 2
b1110001101011010 !
b1110001101011010 3
b1100001011000011 1
b1111000111000101 7
b1110001101011010 8
b11111000111000101100011000011001 5
b11110001101011010000001111100010 6
1%
#5280
0%
b1000001111 *
#5285
b1110110000011111 "
b1110110000011111 2
b1110011011101111 !
b1110011011101111 3
b1000000100011110 1
b1110110000011111 7
b1110011011101111 8
b11110110000011111101111100110110 5
b11110011011101111101100001110111 6
1%
#5290
0%
b1000010000 *
#5295
b1110011101010111 "
b1110011101010111 2
b1110101110011101 !
b1110101110011101 3
b100001000100110 1
b1110011101010111 7
b1110101110011101 8
b11110011101010111111111111011111 5
b11110101110011101010011010001001 6
1%
#5300
0%
b1000010001 *
#5305
b1110001110100100 "
b1110001110100100 2
b1111000100101111 !
b1111000100101111 3
b1111111111111111 4
b11111111111111111111111110010110 1
b1110001110100011 7
b1111000100101111 8
b11110001110100100000011001010010 5
b11111000100101111101110101011010 6
1%
#5310
0%
b1000010010 *
#5315
b1110000100101110 "
b1110000100101110 2
b1111011101100111 !
b1111011101100111 3
b0 4
b11000001001011 1
b1110000100101110 7
b1111011101100111 8
b11110000100101110000000100100011 5
b11111011101100111010110011111000 6
1%
#5320
0%
b1000010011 *
#5325
b1110000000010001 "
b1110000000010001 2
b1111110111111111 !
b1111110111111111 3
b1111111111111111 4
b11111111111111111111101011111111 1
b1110000000010000 7
b1111110111111111 8
b11110000000010001000001101110011 5
b11111110111111111100100010110111 6
1%
#5330
0%
b1000010100 *
#5335
b1110000001011000 "
b1110000001011000 2
b10010101101 !
b10010101101 3
b0 4
b10011010111 1
b1110000001011000 7
b10010101101 8
b11110000001011000111101111010111 5
b10010101101111011001011111 6
1%
#5340
0%
b1000010101 *
#5345
b1110001000000010 "
b1110001000000010 2
b101100100111 !
b101100100111 3
b1111111111111111 4
b11111111111111111101110000001110 1
b1110001000000001 7
b101100100111 8
b11110001000000010001011111111000 5
b101100100111101101100000101 6
1%
#5350
0%
b1000010110 *
#5355
b1110010011111011 "
b1110010011111011 2
b1000100100100 !
b1000100100100 3
b0 4
b10010011010111 1
b1110010011111011 7
b1000100100100 8
b11110010011111011010111101010011 5
b1000100100100111111110110010 6
1%
#5360
0%
b1000010111 *
#5365
b1110100100100010 "
b1110100100100010 2
b1011001100010 !
b1011001100010 3
b1100111111000 1
b1110100100100010 7
b1011001100010 8
b11110100100100010011110100010000 5
b1011001100010010001101100001 6
1%
#5370
0%
b1000011000 *
#5375
b1110111001001001 "
b1110111001001001 2
b1101010100101 !
b1101010100101 3
b100000011010110 1
b1110111001001001 7
b1101010100101 8
b11110111001001001010001100000010 5
b1101010100101111100000001110 6
1%
#5380
0%
b1000011001 *
#5385
b1111010000110110 "
b1111010000110110 2
b1110110111110 !
b1110110111110 3
b110101110011000 1
b1111010000110110 7
b1110110111110 8
b11111010000110110010010100000101 5
b1110110111110110110110111111 6
1%
#5390
0%
b1000011010 *
#5395
b1111101010100111 "
b1111101010100111 2
b1111110001011 !
b1111110001011 3
b111000110010110 1
b1111101010100111 7
b1111110001011 8
b11111101010100111000001001111110 5
b1111110001011000111101111010 6
1%
#5400
0%
b1000011011 *
#5405
b101010011 "
b101010011 2
b1111111110111 !
b1111111110111 3
b111111011000110 1
b101010011 7
b1111111110111 8
b101010011110101100101011 5
b1111111110111001100011010001 6
1%
#5410
0%
b1000011100 *
#5415
b11111110000 "
b11111110000 2
b1111011111101 !
b1111011111101 3
b1011100011110111 1
b11111110000 7
b1111011111101 8
b11111110000111110001010111 5
b1111011111101101101101000101 6
1%
#5420
0%
b1000011101 *
#5425
b111000110100 "
b111000110100 2
b1110010101001 !
b1110010101001 3
b1101110111011111 1
b111000110100 7
b1110010101001 8
b111000110100111111111101001 5
b1110010101001001011000110100 6
1%
#5430
0%
b1000011110 *
#5435
b1001111011010 "
b1001111011010 2
b1100100010100 !
b1100100010100 3
b1 4
b10000000011001100 1
b1001111011010 7
b1100100010100 8
b1001111011010001100000001111 5
b1100100010100111001010000100 6
1%
#5440
0%
b1000011111 *
#5445
b1100010100001 "
b1100010100001 2
b1010001100111 !
b1010001100111 3
b10010100101001110 1
b1100010100001 7
b1010001100111 8
b1100010100001111110000101101 5
b1010001100111001111111000101 6
1%
#5450
0%
b1000100000 *
#5455
b1110001010101 "
b1110001010101 2
b111011010110 !
b111011010110 3
b10100111010001110 1
b1110001010101 7
b111011010101 8
b1110001010101011001100110100 5
b111011010110000101000000100 6
1%
#5460
0%
b1000100001 *
#5465
b1111011001100 "
b1111011001100 2
b100010011111 !
b100010011111 3
b10100101111101100 1
b1111011001100 7
b100010011110 8
b1111011001100011011001001110 5
b100010011111000011111110101 6
1%
#5470
0%
b1000100010 *
#5475
b1111111101010 "
b1111111101010 2
b1000000111 !
b1000000111 3
b10110000111101011 1
b1111111101010 7
b1000000111 8
b1111111101010110110011011101 5
b1000000111100101000110111 6
1%
#5480
0%
b1000100011 *
#5485
b1111110100011 "
b1111110100011 2
b1111101101011000 !
b1111101101011000 3
b10110111111110111 1
b1111110100011 7
b1111101101011000 8
b1111110100011101000101110110 5
b11111101101011000111100101000010 6
1%
#5490
0%
b1000100100 *
#5495
b1110111111010 "
b1110111111010 2
b1111010011011110 !
b1111010011011110 3
b10111011101011000 1
b1110111111010 7
b1111010011011110 8
b1110111111010011011100001110 5
b11111010011011110000010111000111 6
1%
#5500
0%
b1000100101 *
#5505
b1101100000001 "
b1101100000001 2
b1110111011100000 !
b1110111011100000 3
b11000010111111111 1
b1101100000001 7
b1110111011100000 8
b1101100000001111101111101111 5
b11110111011100000100101110100110 6
1%
#5510
0%
b1000100110 *
#5515
b1011011011010 "
b1011011011010 2
b1110100110100010 !
b1110100110100010 3
b11000001111011000 1
b1011011011010 7
b1110100110100010 8
b1011011011010100111101101110 5
b11110100110100010010010110000101 6
1%
#5520
0%
b1000100111 *
#5525
b1000110110011 "
b1000110110011 2
b1110010101011110 !
b1110010101011110 3
b10110111001010011 1
b1000110110011 7
b1110010101011110 8
b1000110110011110010001010101 5
b11110010101011110100110010010100 6
1%
#5530
0%
b1000101000 *
#5535
b101111000110 "
b101111000110 2
b1110001001000100 !
b1110001001000100 3
b10100000011001100 1
b101111000110 7
b1110001001000100 8
b101111000110100000111001000 5
b11110001001000100101011010010101 6
1%
#5540
0%
b1000101001 *
#5545
b10101010101 "
b10101010101 2
b1110000001110111 !
b1110000001110111 3
b10001101001110110 1
b10101010101 7
b1110000001110111 8
b10101010101100001101000001 5
b11110000001110111011010111011001 6
1%
#5550
0%
b1000101010 *
#5555
b1111111010101000 "
b1111111010101000 2
b1110000000001011 !
b1110000000001011 3
b0 4
b1111000101000111 1
b1111111010101000 7
b1110000000001011 8
b11111111010101000101010100111111 5
b11110000000001011100110000001011 6
1%
#5560
0%
b1000101011 *
#5565
b1111100000001010 "
b1111100000001010 2
b1110000100000101 !
b1110000100000101 3
b1101010110000011 1
b1111100000001010 7
b1110000100000101 8
b11111100000001010100011011011111 5
b11110000100000101010010000110100 6
1%
#5570
0%
b1000101100 *
#5575
b1111000111000101 "
b1111000111000101 2
b1110001101011010 !
b1110001101011010 3
b1100001011000011 1
b1111000111000101 7
b1110001101011010 8
b11111000111000101100011000011001 5
b11110001101011010000001111100010 6
1%
#5580
0%
b1000101101 *
#5585
b1110110000011111 "
b1110110000011111 2
b1110011011101111 !
b1110011011101111 3
b1000000100011110 1
b1110110000011111 7
b1110011011101111 8
b11110110000011111101111100110110 5
b11110011011101111101100001110111 6
1%
#5590
0%
b1000101110 *
#5595
b1110011101010111 "
b1110011101010111 2
b1110101110011101 !
b1110101110011101 3
b100001000100110 1
b1110011101010111 7
b1110101110011101 8
b11110011101010111111111111011111 5
b11110101110011101010011010001001 6
1%
#5600
0%
b1000101111 *
#5605
b1110001110100100 "
b1110001110100100 2
b1111000100101111 !
b1111000100101111 3
b1111111111111111 4
b11111111111111111111111110010110 1
b1110001110100011 7
b1111000100101111 8
b11110001110100100000011001010010 5
b11111000100101111101110101011010 6
1%
#5610
0%
b1000110000 *
#5615
b1110000100101110 "
b1110000100101110 2
b1111011101100111 !
b1111011101100111 3
b0 4
b11000001001011 1
b1110000100101110 7
b1111011101100111 8
b11110000100101110000000100100011 5
b11111011101100111010110011111000 6
1%
#5620
0%
b1000110001 *
#5625
b1110000000010001 "
b1110000000010001 2
b1111110111111111 !
b1111110111111111 3
b1111111111111111 4
b11111111111111111111101011111111 1
b1110000000010000 7
b1111110111111111 8
b11110000000010001000001101110011 5
b11111110111111111100100010110111 6
1%
#5630
0%
b1000110010 *
#5635
b1110000001011000 "
b1110000001011000 2
b10010101101 !
b10010101101 3
b0 4
b10011010111 1
b1110000001011000 7
b10010101101 8
b11110000001011000111101111010111 5
b10010101101111011001011111 6
1%
#5640
0%
b1000110011 *
#5645
b1110001000000010 "
b1110001000000010 2
b101100100111 !
b101100100111 3
b1111111111111111 4
b11111111111111111101110000001110 1
b1110001000000001 7
b101100100111 8
b11110001000000010001011111111000 5
b101100100111101101100000101 6
1%
#5650
0%
b1000110100 *
#5655
b1110010011111011 "
b1110010011111011 2
b1000100100100 !
b1000100100100 3
b0 4
b10010011010111 1
b1110010011111011 7
b1000100100100 8
b11110010011111011010111101010011 5
b1000100100100111111110110010 6
1%
#5660
0%
b1000110101 *
#5665
b1110100100100010 "
b1110100100100010 2
b1011001100010 !
b1011001100010 3
b1100111111000 1
b1110100100100010 7
b1011001100010 8
b11110100100100010011110100010000 5
b1011001100010010001101100001 6
1%
#5670
0%
b1000110110 *
#5675
b1110111001001001 "
b1110111001001001 2
b1101010100101 !
b1101010100101 3
b100000011010110 1
b1110111001001001 7
b1101010100101 8
b11110111001001001010001100000010 5
b1101010100101111100000001110 6
1%
#5680
0%
b1000110111 *
#5685
b1111010000110110 "
b1111010000110110 2
b1110110111110 !
b1110110111110 3
b110101110011000 1
b1111010000110110 7
b1110110111110 8
b11111010000110110010010100000101 5
b1110110111110110110110111111 6
1%
#5690
0%
b1000111000 *
#5695
b1111101010100111 "
b1111101010100111 2
b1111110001011 !
b1111110001011 3
b111000110010110 1
b1111101010100111 7
b1111110001011 8
b11111101010100111000001001111110 5
b1111110001011000111101111010 6
1%
#5700
0%
b1000111001 *
#5705
b101010011 "
b101010011 2
b1111111110111 !
b1111111110111 3
b111111011000110 1
b101010011 7
b1111111110111 8
b101010011110101100101011 5
b1111111110111001100011010001 6
1%
#5710
0%
b1000111010 *
#5715
b11111110000 "
b11111110000 2
b1111011111101 !
b1111011111101 3
b1011100011110111 1
b11111110000 7
b1111011111101 8
b11111110000111110001010111 5
b1111011111101101101101000101 6
1%
#5720
0%
b1000111011 *
#5725
b111000110100 "
b111000110100 2
b1110010101001 !
b1110010101001 3
b1101110111011111 1
b111000110100 7
b1110010101001 8
b111000110100111111111101001 5
b1110010101001001011000110100 6
1%
#5730
0%
b1000111100 *
#5735
b1001111011010 "
b1001111011010 2
b1100100010100 !
b1100100010100 3
b1 4
b10000000011001100 1
b1001111011010 7
b1100100010100 8
b1001111011010001100000001111 5
b1100100010100111001010000100 6
1%
#5740
0%
b1000111101 *
#5745
b1100010100001 "
b1100010100001 2
b1010001100111 !
b1010001100111 3
b10010100101001110 1
b1100010100001 7
b1010001100111 8
b1100010100001111110000101101 5
b1010001100111001111111000101 6
1%
#5750
0%
b1000111110 *
#5755
b1110001010101 "
b1110001010101 2
b111011010110 !
b111011010110 3
b10100111010001110 1
b1110001010101 7
b111011010101 8
b1110001010101011001100110100 5
b111011010110000101000000100 6
1%
#5760
0%
b1000111111 *
#5765
b1111011001100 "
b1111011001100 2
b100010011111 !
b100010011111 3
b10100101111101100 1
b1111011001100 7
b100010011110 8
b1111011001100011011001001110 5
b100010011111000011111110101 6
1%
#5770
0%
b1001000000 *
#5775
b1111111101010 "
b1111111101010 2
b1000000111 !
b1000000111 3
b10110000111101011 1
b1111111101010 7
b1000000111 8
b1111111101010110110011011101 5
b1000000111100101000110111 6
1%
#5780
0%
b1001000001 *
#5785
b1111110100011 "
b1111110100011 2
b1111101101011000 !
b1111101101011000 3
b10110111111110111 1
b1111110100011 7
b1111101101011000 8
b1111110100011101000101110110 5
b11111101101011000111100101000010 6
1%
#5790
0%
b1001000010 *
#5795
b1110111111010 "
b1110111111010 2
b1111010011011110 !
b1111010011011110 3
b10111011101011000 1
b1110111111010 7
b1111010011011110 8
b1110111111010011011100001110 5
b11111010011011110000010111000111 6
1%
#5800
0%
b1001000011 *
#5805
b1101100000001 "
b1101100000001 2
b1110111011100000 !
b1110111011100000 3
b11000010111111111 1
b1101100000001 7
b1110111011100000 8
b1101100000001111101111101111 5
b11110111011100000100101110100110 6
1%
#5810
0%
b1001000100 *
#5815
b1011011011010 "
b1011011011010 2
b1110100110100010 !
b1110100110100010 3
b11000001111011000 1
b1011011011010 7
b1110100110100010 8
b1011011011010100111101101110 5
b11110100110100010010010110000101 6
1%
#5820
0%
b1001000101 *
#5825
b1000110110011 "
b1000110110011 2
b1110010101011110 !
b1110010101011110 3
b10110111001010011 1
b1000110110011 7
b1110010101011110 8
b1000110110011110010001010101 5
b11110010101011110100110010010100 6
1%
#5830
0%
b1001000110 *
#5835
b101111000110 "
b101111000110 2
b1110001001000100 !
b1110001001000100 3
b10100000011001100 1
b101111000110 7
b1110001001000100 8
b101111000110100000111001000 5
b11110001001000100101011010010101 6
1%
#5840
0%
b1001000111 *
#5845
b10101010101 "
b10101010101 2
b1110000001110111 !
b1110000001110111 3
b10001101001110110 1
b10101010101 7
b1110000001110111 8
b10101010101100001101000001 5
b11110000001110111011010111011001 6
1%
#5850
0%
b1001001000 *
#5855
b1111111010101000 "
b1111111010101000 2
b1110000000001011 !
b1110000000001011 3
b0 4
b1111000101000111 1
b1111111010101000 7
b1110000000001011 8
b11111111010101000101010100111111 5
b11110000000001011100110000001011 6
1%
#5860
0%
b1001001001 *
#5865
b1111100000001010 "
b1111100000001010 2
b1110000100000101 !
b1110000100000101 3
b1101010110000011 1
b1111100000001010 7
b1110000100000101 8
b11111100000001010100011011011111 5
b11110000100000101010010000110100 6
1%
#5870
0%
b1001001010 *
#5875
b1111000111000101 "
b1111000111000101 2
b1110001101011010 !
b1110001101011010 3
b1100001011000011 1
b1111000111000101 7
b1110001101011010 8
b11111000111000101100011000011001 5
b11110001101011010000001111100010 6
1%
#5880
0%
b1001001011 *
#5885
b1110110000011111 "
b1110110000011111 2
b1110011011101111 !
b1110011011101111 3
b1000000100011110 1
b1110110000011111 7
b1110011011101111 8
b11110110000011111101111100110110 5
b11110011011101111101100001110111 6
1%
#5890
0%
b1001001100 *
#5895
b1110011101010111 "
b1110011101010111 2
b1110101110011101 !
b1110101110011101 3
b100001000100110 1
b1110011101010111 7
b1110101110011101 8
b11110011101010111111111111011111 5
b11110101110011101010011010001001 6
1%
#5900
0%
b1001001101 *
#5905
b1110001110100100 "
b1110001110100100 2
b1111000100101111 !
b1111000100101111 3
b1111111111111111 4
b11111111111111111111111110010110 1
b1110001110100011 7
b1111000100101111 8
b11110001110100100000011001010010 5
b11111000100101111101110101011010 6
1%
#5910
0%
b1001001110 *
#5915
b1110000100101110 "
b1110000100101110 2
b1111011101100111 !
b1111011101100111 3
b0 4
b11000001001011 1
b1110000100101110 7
b1111011101100111 8
b11110000100101110000000100100011 5
b11111011101100111010110011111000 6
1%
#5920
0%
b1001001111 *
#5925
b1110000000010001 "
b1110000000010001 2
b1111110111111111 !
b1111110111111111 3
b1111111111111111 4
b11111111111111111111101011111111 1
b1110000000010000 7
b1111110111111111 8
b11110000000010001000001101110011 5
b11111110111111111100100010110111 6
1%
#5930
0%
b1001010000 *
#5935
b1110000001011000 "
b1110000001011000 2
b10010101101 !
b10010101101 3
b0 4
b10011010111 1
b1110000001011000 7
b10010101101 8
b11110000001011000111101111010111 5
b10010101101111011001011111 6
1%
#5940
0%
b1001010001 *
#5945
b1110001000000010 "
b1110001000000010 2
b101100100111 !
b101100100111 3
b1111111111111111 4
b11111111111111111101110000001110 1
b1110001000000001 7
b101100100111 8
b11110001000000010001011111111000 5
b101100100111101101100000101 6
1%
#5950
0%
b1001010010 *
#5955
b1110010011111011 "
b1110010011111011 2
b1000100100100 !
b1000100100100 3
b0 4
b10010011010111 1
b1110010011111011 7
b1000100100100 8
b11110010011111011010111101010011 5
b1000100100100111111110110010 6
1%
#5960
0%
b1001010011 *
#5965
b1110100100100010 "
b1110100100100010 2
b1011001100010 !
b1011001100010 3
b1100111111000 1
b1110100100100010 7
b1011001100010 8
b11110100100100010011110100010000 5
b1011001100010010001101100001 6
1%
#5970
0%
b1001010100 *
#5975
b1110111001001001 "
b1110111001001001 2
b1101010100101 !
b1101010100101 3
b100000011010110 1
b1110111001001001 7
b1101010100101 8
b11110111001001001010001100000010 5
b1101010100101111100000001110 6
1%
#5980
0%
b1001010101 *
#5985
b1111010000110110 "
b1111010000110110 2
b1110110111110 !
b1110110111110 3
b110101110011000 1
b1111010000110110 7
b1110110111110 8
b11111010000110110010010100000101 5
b1110110111110110110110111111 6
1%
#5990
0%
b1001010110 *
#5995
b1111101010100111 "
b1111101010100111 2
b1111110001011 !
b1111110001011 3
b111000110010110 1
b1111101010100111 7
b1111110001011 8
b11111101010100111000001001111110 5
b1111110001011000111101111010 6
1%
#6000
0%
b1001010111 *
#6005
b101010011 "
b101010011 2
b1111111110111 !
b1111111110111 3
b111111011000110 1
b101010011 7
b1111111110111 8
b101010011110101100101011 5
b1111111110111001100011010001 6
1%
#6010
0%
b1001011000 *
#6015
b11111110000 "
b11111110000 2
b1111011111101 !
b1111011111101 3
b1011100011110111 1
b11111110000 7
b1111011111101 8
b11111110000111110001010111 5
b1111011111101101101101000101 6
1%
#6020
0%
b1001011001 *
#6025
b111000110100 "
b111000110100 2
b1110010101001 !
b1110010101001 3
b1101110111011111 1
b111000110100 7
b1110010101001 8
b111000110100111111111101001 5
b1110010101001001011000110100 6
1%
#6030
0%
b1001011010 *
#6035
b1001111011010 "
b1001111011010 2
b1100100010100 !
b1100100010100 3
b1 4
b10000000011001100 1
b1001111011010 7
b1100100010100 8
b1001111011010001100000001111 5
b1100100010100111001010000100 6
1%
#6040
0%
b1001011011 *
#6045
b1100010100001 "
b1100010100001 2
b1010001100111 !
b1010001100111 3
b10010100101001110 1
b1100010100001 7
b1010001100111 8
b1100010100001111110000101101 5
b1010001100111001111111000101 6
1%
#6050
0%
b1001011100 *
#6055
b1110001010101 "
b1110001010101 2
b111011010110 !
b111011010110 3
b10100111010001110 1
b1110001010101 7
b111011010101 8
b1110001010101011001100110100 5
b111011010110000101000000100 6
1%
#6060
0%
b1001011101 *
#6065
b1111011001100 "
b1111011001100 2
b100010011111 !
b100010011111 3
b10100101111101100 1
b1111011001100 7
b100010011110 8
b1111011001100011011001001110 5
b100010011111000011111110101 6
1%
#6070
0%
b1001011110 *
#6075
b1111111101010 "
b1111111101010 2
b1000000111 !
b1000000111 3
b10110000111101011 1
b1111111101010 7
b1000000111 8
b1111111101010110110011011101 5
b1000000111100101000110111 6
1%
#6080
0%
b1001011111 *
#6085
b1111110100011 "
b1111110100011 2
b1111101101011000 !
b1111101101011000 3
b10110111111110111 1
b1111110100011 7
b1111101101011000 8
b1111110100011101000101110110 5
b11111101101011000111100101000010 6
1%
#6090
0%
b1001100000 *
#6095
b1110111111010 "
b1110111111010 2
b1111010011011110 !
b1111010011011110 3
b10111011101011000 1
b1110111111010 7
b1111010011011110 8
b1110111111010011011100001110 5
b11111010011011110000010111000111 6
1%
#6100
0%
b1001100001 *
#6105
b1101100000001 "
b1101100000001 2
b1110111011100000 !
b1110111011100000 3
b11000010111111111 1
b1101100000001 7
b1110111011100000 8
b1101100000001111101111101111 5
b11110111011100000100101110100110 6
1%
#6110
0%
b1001100010 *
#6115
b1011011011010 "
b1011011011010 2
b1110100110100010 !
b1110100110100010 3
b11000001111011000 1
b1011011011010 7
b1110100110100010 8
b1011011011010100111101101110 5
b11110100110100010010010110000101 6
1%
#6120
0%
b1001100011 *
#6125
b1000110110011 "
b1000110110011 2
b1110010101011110 !
b1110010101011110 3
b10110111001010011 1
b1000110110011 7
b1110010101011110 8
b1000110110011110010001010101 5
b11110010101011110100110010010100 6
1%
#6130
0%
b1001100100 *
#6135
b101111000110 "
b101111000110 2
b1110001001000100 !
b1110001001000100 3
b10100000011001100 1
b101111000110 7
b1110001001000100 8
b101111000110100000111001000 5
b11110001001000100101011010010101 6
1%
#6140
0%
b1001100101 *
#6145
b10101010101 "
b10101010101 2
b1110000001110111 !
b1110000001110111 3
b10001101001110110 1
b10101010101 7
b1110000001110111 8
b10101010101100001101000001 5
b11110000001110111011010111011001 6
1%
#6150
0%
b1001100110 *
#6155
b1111111010101000 "
b1111111010101000 2
b1110000000001011 !
b1110000000001011 3
b0 4
b1111000101000111 1
b1111111010101000 7
b1110000000001011 8
b11111111010101000101010100111111 5
b11110000000001011100110000001011 6
1%
#6160
0%
b1001100111 *
#6165
b1111100000001010 "
b1111100000001010 2
b1110000100000101 !
b1110000100000101 3
b1101010110000011 1
b1111100000001010 7
b1110000100000101 8
b11111100000001010100011011011111 5
b11110000100000101010010000110100 6
1%
#6170
0%
b1001101000 *
#6175
b1111000111000101 "
b1111000111000101 2
b1110001101011010 !
b1110001101011010 3
b1100001011000011 1
b1111000111000101 7
b1110001101011010 8
b11111000111000101100011000011001 5
b11110001101011010000001111100010 6
1%
#6180
0%
b1001101001 *
#6185
b1110110000011111 "
b1110110000011111 2
b1110011011101111 !
b1110011011101111 3
b1000000100011110 1
b1110110000011111 7
b1110011011101111 8
b11110110000011111101111100110110 5
b11110011011101111101100001110111 6
1%
#6190
0%
b1001101010 *
#6195
b1110011101010111 "
b1110011101010111 2
b1110101110011101 !
b1110101110011101 3
b100001000100110 1
b1110011101010111 7
b1110101110011101 8
b11110011101010111111111111011111 5
b11110101110011101010011010001001 6
1%
#6200
0%
b1001101011 *
#6205
b1110001110100100 "
b1110001110100100 2
b1111000100101111 !
b1111000100101111 3
b1111111111111111 4
b11111111111111111111111110010110 1
b1110001110100011 7
b1111000100101111 8
b11110001110100100000011001010010 5
b11111000100101111101110101011010 6
1%
#6210
0%
b1001101100 *
#6215
b1110000100101110 "
b1110000100101110 2
b1111011101100111 !
b1111011101100111 3
b0 4
b11000001001011 1
b1110000100101110 7
b1111011101100111 8
b11110000100101110000000100100011 5
b11111011101100111010110011111000 6
1%
#6220
0%
b1001101101 *
#6225
b1110000000010001 "
b1110000000010001 2
b1111110111111111 !
b1111110111111111 3
b1111111111111111 4
b11111111111111111111101011111111 1
b1110000000010000 7
b1111110111111111 8
b11110000000010001000001101110011 5
b11111110111111111100100010110111 6
1%
#6230
0%
b1001101110 *
#6235
b1110000001011000 "
b1110000001011000 2
b10010101101 !
b10010101101 3
b0 4
b10011010111 1
b1110000001011000 7
b10010101101 8
b11110000001011000111101111010111 5
b10010101101111011001011111 6
1%
#6240
0%
b1001101111 *
#6245
b1110001000000010 "
b1110001000000010 2
b101100100111 !
b101100100111 3
b1111111111111111 4
b11111111111111111101110000001110 1
b1110001000000001 7
b101100100111 8
b11110001000000010001011111111000 5
b101100100111101101100000101 6
1%
#6250
0%
b1001110000 *
#6255
b1110010011111011 "
b1110010011111011 2
b1000100100100 !
b1000100100100 3
b0 4
b10010011010111 1
b1110010011111011 7
b1000100100100 8
b11110010011111011010111101010011 5
b1000100100100111111110110010 6
1%
#6260
0%
b1001110001 *
#6265
b1110100100100010 "
b1110100100100010 2
b1011001100010 !
b1011001100010 3
b1100111111000 1
b1110100100100010 7
b1011001100010 8
b11110100100100010011110100010000 5
b1011001100010010001101100001 6
1%
#6270
0%
b1001110010 *
#6275
b1110111001001001 "
b1110111001001001 2
b1101010100101 !
b1101010100101 3
b100000011010110 1
b1110111001001001 7
b1101010100101 8
b11110111001001001010001100000010 5
b1101010100101111100000001110 6
1%
#6280
0%
b1001110011 *
#6285
b1111010000110110 "
b1111010000110110 2
b1110110111110 !
b1110110111110 3
b110101110011000 1
b1111010000110110 7
b1110110111110 8
b11111010000110110010010100000101 5
b1110110111110110110110111111 6
1%
#6290
0%
b1001110100 *
#6295
b1111101010100111 "
b1111101010100111 2
b1111110001011 !
b1111110001011 3
b111000110010110 1
b1111101010100111 7
b1111110001011 8
b11111101010100111000001001111110 5
b1111110001011000111101111010 6
1%
#6300
0%
b1001110101 *
#6305
b101010011 "
b101010011 2
b1111111110111 !
b1111111110111 3
b111111011000110 1
b101010011 7
b1111111110111 8
b101010011110101100101011 5
b1111111110111001100011010001 6
1%
#6310
0%
b1001110110 *
#6315
b11111110000 "
b11111110000 2
b1111011111101 !
b1111011111101 3
b1011100011110111 1
b11111110000 7
b1111011111101 8
b11111110000111110001010111 5
b1111011111101101101101000101 6
1%
#6320
0%
b1001110111 *
#6325
b111000110100 "
b111000110100 2
b1110010101001 !
b1110010101001 3
b1101110111011111 1
b111000110100 7
b1110010101001 8
b111000110100111111111101001 5
b1110010101001001011000110100 6
1%
#6330
0%
b1001111000 *
#6335
b1001111011010 "
b1001111011010 2
b1100100010100 !
b1100100010100 3
b1 4
b10000000011001100 1
b1001111011010 7
b1100100010100 8
b1001111011010001100000001111 5
b1100100010100111001010000100 6
1%
#6340
0%
b1001111001 *
#6345
b1100010100001 "
b1100010100001 2
b1010001100111 !
b1010001100111 3
b10010100101001110 1
b1100010100001 7
b1010001100111 8
b1100010100001111110000101101 5
b1010001100111001111111000101 6
1%
#6350
0%
b1001111010 *
#6355
b1110001010101 "
b1110001010101 2
b111011010110 !
b111011010110 3
b10100111010001110 1
b1110001010101 7
b111011010101 8
b1110001010101011001100110100 5
b111011010110000101000000100 6
1%
#6360
0%
b1001111011 *
#6365
b1111011001100 "
b1111011001100 2
b100010011111 !
b100010011111 3
b10100101111101100 1
b1111011001100 7
b100010011110 8
b1111011001100011011001001110 5
b100010011111000011111110101 6
1%
#6370
0%
b1001111100 *
#6375
b1111111101010 "
b1111111101010 2
b1000000111 !
b1000000111 3
b10110000111101011 1
b1111111101010 7
b1000000111 8
b1111111101010110110011011101 5
b1000000111100101000110111 6
1%
#6380
0%
b1001111101 *
#6385
b1111110100011 "
b1111110100011 2
b1111101101011000 !
b1111101101011000 3
b10110111111110111 1
b1111110100011 7
b1111101101011000 8
b1111110100011101000101110110 5
b11111101101011000111100101000010 6
1%
#6390
0%
b1001111110 *
#6395
b1110111111010 "
b1110111111010 2
b1111010011011110 !
b1111010011011110 3
b10111011101011000 1
b1110111111010 7
b1111010011011110 8
b1110111111010011011100001110 5
b11111010011011110000010111000111 6
1%
#6400
0%
b1001111111 *
#6405
b1101100000001 "
b1101100000001 2
b1110111011100000 !
b1110111011100000 3
b11000010111111111 1
b1101100000001 7
b1110111011100000 8
b1101100000001111101111101111 5
b11110111011100000100101110100110 6
1%
#6410
0%
b1010000000 *
#6415
b1011011011010 "
b1011011011010 2
b1110100110100010 !
b1110100110100010 3
b11000001111011000 1
b1011011011010 7
b1110100110100010 8
b1011011011010100111101101110 5
b11110100110100010010010110000101 6
1%
#6420
0%
b1010000001 *
#6425
b1000110110011 "
b1000110110011 2
b1110010101011110 !
b1110010101011110 3
b10110111001010011 1
b1000110110011 7
b1110010101011110 8
b1000110110011110010001010101 5
b11110010101011110100110010010100 6
1%
#6430
0%
b1010000010 *
#6435
b101111000110 "
b101111000110 2
b1110001001000100 !
b1110001001000100 3
b10100000011001100 1
b101111000110 7
b1110001001000100 8
b101111000110100000111001000 5
b11110001001000100101011010010101 6
1%
#6440
0%
b1010000011 *
#6445
b10101010101 "
b10101010101 2
b1110000001110111 !
b1110000001110111 3
b10001101001110110 1
b10101010101 7
b1110000001110111 8
b10101010101100001101000001 5
b11110000001110111011010111011001 6
1%
#6450
0%
b1010000100 *
#6455
b1111111010101000 "
b1111111010101000 2
b1110000000001011 !
b1110000000001011 3
b0 4
b1111000101000111 1
b1111111010101000 7
b1110000000001011 8
b11111111010101000101010100111111 5
b11110000000001011100110000001011 6
1%
#6460
0%
b1010000101 *
#6465
b1111100000001010 "
b1111100000001010 2
b1110000100000101 !
b1110000100000101 3
b1101010110000011 1
b1111100000001010 7
b1110000100000101 8
b11111100000001010100011011011111 5
b11110000100000101010010000110100 6
1%
#6470
0%
b1010000110 *
#6475
b1111000111000101 "
b1111000111000101 2
b1110001101011010 !
b1110001101011010 3
b1100001011000011 1
b1111000111000101 7
b1110001101011010 8
b11111000111000101100011000011001 5
b11110001101011010000001111100010 6
1%
#6480
0%
b1010000111 *
#6485
b1110110000011111 "
b1110110000011111 2
b1110011011101111 !
b1110011011101111 3
b1000000100011110 1
b1110110000011111 7
b1110011011101111 8
b11110110000011111101111100110110 5
b11110011011101111101100001110111 6
1%
#6490
0%
b1010001000 *
#6495
b1110011101010111 "
b1110011101010111 2
b1110101110011101 !
b1110101110011101 3
b100001000100110 1
b1110011101010111 7
b1110101110011101 8
b11110011101010111111111111011111 5
b11110101110011101010011010001001 6
1%
#6500
0%
b1010001001 *
#6505
b1110001110100100 "
b1110001110100100 2
b1111000100101111 !
b1111000100101111 3
b1111111111111111 4
b11111111111111111111111110010110 1
b1110001110100011 7
b1111000100101111 8
b11110001110100100000011001010010 5
b11111000100101111101110101011010 6
1%
#6510
0%
b1010001010 *
#6515
b1110000100101110 "
b1110000100101110 2
b1111011101100111 !
b1111011101100111 3
b0 4
b11000001001011 1
b1110000100101110 7
b1111011101100111 8
b11110000100101110000000100100011 5
b11111011101100111010110011111000 6
1%
#6520
0%
b1010001011 *
#6525
b1110000000010001 "
b1110000000010001 2
b1111110111111111 !
b1111110111111111 3
b1111111111111111 4
b11111111111111111111101011111111 1
b1110000000010000 7
b1111110111111111 8
b11110000000010001000001101110011 5
b11111110111111111100100010110111 6
1%
#6530
0%
b1010001100 *
#6535
b1110000001011000 "
b1110000001011000 2
b10010101101 !
b10010101101 3
b0 4
b10011010111 1
b1110000001011000 7
b10010101101 8
b11110000001011000111101111010111 5
b10010101101111011001011111 6
1%
#6540
0%
b1010001101 *
#6545
b1110001000000010 "
b1110001000000010 2
b101100100111 !
b101100100111 3
b1111111111111111 4
b11111111111111111101110000001110 1
b1110001000000001 7
b101100100111 8
b11110001000000010001011111111000 5
b101100100111101101100000101 6
1%
#6550
0%
b1010001110 *
#6555
b1110010011111011 "
b1110010011111011 2
b1000100100100 !
b1000100100100 3
b0 4
b10010011010111 1
b1110010011111011 7
b1000100100100 8
b11110010011111011010111101010011 5
b1000100100100111111110110010 6
1%
#6560
0%
b1010001111 *
#6565
b1110100100100010 "
b1110100100100010 2
b1011001100010 !
b1011001100010 3
b1100111111000 1
b1110100100100010 7
b1011001100010 8
b11110100100100010011110100010000 5
b1011001100010010001101100001 6
1%
#6570
0%
b1010010000 *
#6575
b1110111001001001 "
b1110111001001001 2
b1101010100101 !
b1101010100101 3
b100000011010110 1
b1110111001001001 7
b1101010100101 8
b11110111001001001010001100000010 5
b1101010100101111100000001110 6
1%
#6580
0%
b1010010001 *
#6585
b1111010000110110 "
b1111010000110110 2
b1110110111110 !
b1110110111110 3
b110101110011000 1
b1111010000110110 7
b1110110111110 8
b11111010000110110010010100000101 5
b1110110111110110110110111111 6
1%
#6590
0%
b1010010010 *
#6595
b1111101010100111 "
b1111101010100111 2
b1111110001011 !
b1111110001011 3
b111000110010110 1
b1111101010100111 7
b1111110001011 8
b11111101010100111000001001111110 5
b1111110001011000111101111010 6
1%
#6600
0%
b1010010011 *
#6605
b101010011 "
b101010011 2
b1111111110111 !
b1111111110111 3
b111111011000110 1
b101010011 7
b1111111110111 8
b101010011110101100101011 5
b1111111110111001100011010001 6
1%
#6610
0%
b1010010100 *
#6615
b11111110000 "
b11111110000 2
b1111011111101 !
b1111011111101 3
b1011100011110111 1
b11111110000 7
b1111011111101 8
b11111110000111110001010111 5
b1111011111101101101101000101 6
1%
#6620
0%
b1010010101 *
#6625
b111000110100 "
b111000110100 2
b1110010101001 !
b1110010101001 3
b1101110111011111 1
b111000110100 7
b1110010101001 8
b111000110100111111111101001 5
b1110010101001001011000110100 6
1%
#6630
0%
b1010010110 *
#6635
b1001111011010 "
b1001111011010 2
b1100100010100 !
b1100100010100 3
b1 4
b10000000011001100 1
b1001111011010 7
b1100100010100 8
b1001111011010001100000001111 5
b1100100010100111001010000100 6
1%
#6640
0%
b1010010111 *
#6645
b1100010100001 "
b1100010100001 2
b1010001100111 !
b1010001100111 3
b10010100101001110 1
b1100010100001 7
b1010001100111 8
b1100010100001111110000101101 5
b1010001100111001111111000101 6
1%
#6650
0%
b1010011000 *
#6655
b1110001010101 "
b1110001010101 2
b111011010110 !
b111011010110 3
b10100111010001110 1
b1110001010101 7
b111011010101 8
b1110001010101011001100110100 5
b111011010110000101000000100 6
1%
#6660
0%
b1010011001 *
#6665
b1111011001100 "
b1111011001100 2
b100010011111 !
b100010011111 3
b10100101111101100 1
b1111011001100 7
b100010011110 8
b1111011001100011011001001110 5
b100010011111000011111110101 6
1%
#6670
0%
b1010011010 *
#6675
b1111111101010 "
b1111111101010 2
b1000000111 !
b1000000111 3
b10110000111101011 1
b1111111101010 7
b1000000111 8
b1111111101010110110011011101 5
b1000000111100101000110111 6
1%
#6680
0%
b1010011011 *
#6685
b1111110100011 "
b1111110100011 2
b1111101101011000 !
b1111101101011000 3
b10110111111110111 1
b1111110100011 7
b1111101101011000 8
b1111110100011101000101110110 5
b11111101101011000111100101000010 6
1%
#6690
0%
b1010011100 *
#6695
b1110111111010 "
b1110111111010 2
b1111010011011110 !
b1111010011011110 3
b10111011101011000 1
b1110111111010 7
b1111010011011110 8
b1110111111010011011100001110 5
b11111010011011110000010111000111 6
1%
#6700
0%
b1010011101 *
#6705
b1101100000001 "
b1101100000001 2
b1110111011100000 !
b1110111011100000 3
b11000010111111111 1
b1101100000001 7
b1110111011100000 8
b1101100000001111101111101111 5
b11110111011100000100101110100110 6
1%
#6710
0%
b1010011110 *
#6715
b1011011011010 "
b1011011011010 2
b1110100110100010 !
b1110100110100010 3
b11000001111011000 1
b1011011011010 7
b1110100110100010 8
b1011011011010100111101101110 5
b11110100110100010010010110000101 6
1%
#6720
0%
b1010011111 *
#6725
b1000110110011 "
b1000110110011 2
b1110010101011110 !
b1110010101011110 3
b10110111001010011 1
b1000110110011 7
b1110010101011110 8
b1000110110011110010001010101 5
b11110010101011110100110010010100 6
1%
#6730
0%
b1010100000 *
#6735
b101111000110 "
b101111000110 2
b1110001001000100 !
b1110001001000100 3
b10100000011001100 1
b101111000110 7
b1110001001000100 8
b101111000110100000111001000 5
b11110001001000100101011010010101 6
1%
#6740
0%
b1010100001 *
#6745
b10101010101 "
b10101010101 2
b1110000001110111 !
b1110000001110111 3
b10001101001110110 1
b10101010101 7
b1110000001110111 8
b10101010101100001101000001 5
b11110000001110111011010111011001 6
1%
#6750
0%
b1010100010 *
#6755
b1111111010101000 "
b1111111010101000 2
b1110000000001011 !
b1110000000001011 3
b0 4
b1111000101000111 1
b1111111010101000 7
b1110000000001011 8
b11111111010101000101010100111111 5
b11110000000001011100110000001011 6
1%
#6760
0%
b1010100011 *
#6765
b1111100000001010 "
b1111100000001010 2
b1110000100000101 !
b1110000100000101 3
b1101010110000011 1
b1111100000001010 7
b1110000100000101 8
b11111100000001010100011011011111 5
b11110000100000101010010000110100 6
1%
#6770
0%
b1010100100 *
#6775
b1111000111000101 "
b1111000111000101 2
b1110001101011010 !
b1110001101011010 3
b1100001011000011 1
b1111000111000101 7
b1110001101011010 8
b11111000111000101100011000011001 5
b11110001101011010000001111100010 6
1%
#6780
0%
b1010100101 *
#6785
b1110110000011111 "
b1110110000011111 2
b1110011011101111 !
b1110011011101111 3
b1000000100011110 1
b1110110000011111 7
b1110011011101111 8
b11110110000011111101111100110110 5
b11110011011101111101100001110111 6
1%
#6790
0%
b1010100110 *
#6795
b1110011101010111 "
b1110011101010111 2
b1110101110011101 !
b1110101110011101 3
b100001000100110 1
b1110011101010111 7
b1110101110011101 8
b11110011101010111111111111011111 5
b11110101110011101010011010001001 6
1%
#6800
0%
b1010100111 *
#6805
b1110001110100100 "
b1110001110100100 2
b1111000100101111 !
b1111000100101111 3
b1111111111111111 4
b11111111111111111111111110010110 1
b1110001110100011 7
b1111000100101111 8
b11110001110100100000011001010010 5
b11111000100101111101110101011010 6
1%
#6810
0%
b1010101000 *
#6815
b1110000100101110 "
b1110000100101110 2
b1111011101100111 !
b1111011101100111 3
b0 4
b11000001001011 1
b1110000100101110 7
b1111011101100111 8
b11110000100101110000000100100011 5
b11111011101100111010110011111000 6
1%
#6820
0%
b1010101001 *
#6825
b1110000000010001 "
b1110000000010001 2
b1111110111111111 !
b1111110111111111 3
b1111111111111111 4
b11111111111111111111101011111111 1
b1110000000010000 7
b1111110111111111 8
b11110000000010001000001101110011 5
b11111110111111111100100010110111 6
1%
#6830
0%
b1010101010 *
#6835
b1110000001011000 "
b1110000001011000 2
b10010101101 !
b10010101101 3
b0 4
b10011010111 1
b1110000001011000 7
b10010101101 8
b11110000001011000111101111010111 5
b10010101101111011001011111 6
1%
#6840
0%
b1010101011 *
#6845
b1110001000000010 "
b1110001000000010 2
b101100100111 !
b101100100111 3
b1111111111111111 4
b11111111111111111101110000001110 1
b1110001000000001 7
b101100100111 8
b11110001000000010001011111111000 5
b101100100111101101100000101 6
1%
#6850
0%
b1010101100 *
#6855
b1110010011111011 "
b1110010011111011 2
b1000100100100 !
b1000100100100 3
b0 4
b10010011010111 1
b1110010011111011 7
b1000100100100 8
b11110010011111011010111101010011 5
b1000100100100111111110110010 6
1%
#6860
0%
b1010101101 *
#6865
b1110100100100010 "
b1110100100100010 2
b1011001100010 !
b1011001100010 3
b1100111111000 1
b1110100100100010 7
b1011001100010 8
b11110100100100010011110100010000 5
b1011001100010010001101100001 6
1%
#6870
0%
b1010101110 *
#6875
b1110111001001001 "
b1110111001001001 2
b1101010100101 !
b1101010100101 3
b100000011010110 1
b1110111001001001 7
b1101010100101 8
b11110111001001001010001100000010 5
b1101010100101111100000001110 6
1%
#6880
0%
b1010101111 *
#6885
b1111010000110110 "
b1111010000110110 2
b1110110111110 !
b1110110111110 3
b110101110011000 1
b1111010000110110 7
b1110110111110 8
b11111010000110110010010100000101 5
b1110110111110110110110111111 6
1%
#6890
0%
b1010110000 *
#6895
b1111101010100111 "
b1111101010100111 2
b1111110001011 !
b1111110001011 3
b111000110010110 1
b1111101010100111 7
b1111110001011 8
b11111101010100111000001001111110 5
b1111110001011000111101111010 6
1%
#6900
0%
b1010110001 *
#6905
b101010011 "
b101010011 2
b1111111110111 !
b1111111110111 3
b111111011000110 1
b101010011 7
b1111111110111 8
b101010011110101100101011 5
b1111111110111001100011010001 6
1%
#6910
0%
b1010110010 *
#6915
b11111110000 "
b11111110000 2
b1111011111101 !
b1111011111101 3
b1011100011110111 1
b11111110000 7
b1111011111101 8
b11111110000111110001010111 5
b1111011111101101101101000101 6
1%
#6920
0%
b1010110011 *
#6925
b111000110100 "
b111000110100 2
b1110010101001 !
b1110010101001 3
b1101110111011111 1
b111000110100 7
b1110010101001 8
b111000110100111111111101001 5
b1110010101001001011000110100 6
1%
#6930
0%
b1010110100 *
#6935
b1001111011010 "
b1001111011010 2
b1100100010100 !
b1100100010100 3
b1 4
b10000000011001100 1
b1001111011010 7
b1100100010100 8
b1001111011010001100000001111 5
b1100100010100111001010000100 6
1%
#6940
0%
b1010110101 *
#6945
b1100010100001 "
b1100010100001 2
b1010001100111 !
b1010001100111 3
b10010100101001110 1
b1100010100001 7
b1010001100111 8
b1100010100001111110000101101 5
b1010001100111001111111000101 6
1%
#6950
0%
b1010110110 *
#6955
b1110001010101 "
b1110001010101 2
b111011010110 !
b111011010110 3
b10100111010001110 1
b1110001010101 7
b111011010101 8
b1110001010101011001100110100 5
b111011010110000101000000100 6
1%
#6960
0%
b1010110111 *
#6965
b1111011001100 "
b1111011001100 2
b100010011111 !
b100010011111 3
b10100101111101100 1
b1111011001100 7
b100010011110 8
b1111011001100011011001001110 5
b100010011111000011111110101 6
1%
#6970
0%
b1010111000 *
#6975
b1111111101010 "
b1111111101010 2
b1000000111 !
b1000000111 3
b10110000111101011 1
b1111111101010 7
b1000000111 8
b1111111101010110110011011101 5
b1000000111100101000110111 6
1%
#6980
0%
b1010111001 *
#6985
b1111110100011 "
b1111110100011 2
b1111101101011000 !
b1111101101011000 3
b10110111111110111 1
b1111110100011 7
b1111101101011000 8
b1111110100011101000101110110 5
b11111101101011000111100101000010 6
1%
#6990
0%
b1010111010 *
#6995
b1110111111010 "
b1110111111010 2
b1111010011011110 !
b1111010011011110 3
b10111011101011000 1
b1110111111010 7
b1111010011011110 8
b1110111111010011011100001110 5
b11111010011011110000010111000111 6
1%
#7000
0%
b1010111011 *
#7005
b1101100000001 "
b1101100000001 2
b1110111011100000 !
b1110111011100000 3
b11000010111111111 1
b1101100000001 7
b1110111011100000 8
b1101100000001111101111101111 5
b11110111011100000100101110100110 6
1%
#7010
0%
b1010111100 *
#7015
b1011011011010 "
b1011011011010 2
b1110100110100010 !
b1110100110100010 3
b11000001111011000 1
b1011011011010 7
b1110100110100010 8
b1011011011010100111101101110 5
b11110100110100010010010110000101 6
1%
#7020
0%
b1010111101 *
#7025
b1000110110011 "
b1000110110011 2
b1110010101011110 !
b1110010101011110 3
b10110111001010011 1
b1000110110011 7
b1110010101011110 8
b1000110110011110010001010101 5
b11110010101011110100110010010100 6
1%
#7030
0%
b1010111110 *
#7035
b101111000110 "
b101111000110 2
b1110001001000100 !
b1110001001000100 3
b10100000011001100 1
b101111000110 7
b1110001001000100 8
b101111000110100000111001000 5
b11110001001000100101011010010101 6
1%
#7040
0%
b1010111111 *
#7045
b10101010101 "
b10101010101 2
b1110000001110111 !
b1110000001110111 3
b10001101001110110 1
b10101010101 7
b1110000001110111 8
b10101010101100001101000001 5
b11110000001110111011010111011001 6
1%
#7050
0%
b1011000000 *
#7055
b1111111010101000 "
b1111111010101000 2
b1110000000001011 !
b1110000000001011 3
b0 4
b1111000101000111 1
b1111111010101000 7
b1110000000001011 8
b11111111010101000101010100111111 5
b11110000000001011100110000001011 6
1%
#7060
0%
b1011000001 *
#7065
b1111100000001010 "
b1111100000001010 2
b1110000100000101 !
b1110000100000101 3
b1101010110000011 1
b1111100000001010 7
b1110000100000101 8
b11111100000001010100011011011111 5
b11110000100000101010010000110100 6
1%
#7070
0%
b1011000010 *
#7075
b1111000111000101 "
b1111000111000101 2
b1110001101011010 !
b1110001101011010 3
b1100001011000011 1
b1111000111000101 7
b1110001101011010 8
b11111000111000101100011000011001 5
b11110001101011010000001111100010 6
1%
#7080
0%
b1011000011 *
#7085
b1110110000011111 "
b1110110000011111 2
b1110011011101111 !
b1110011011101111 3
b1000000100011110 1
b1110110000011111 7
b1110011011101111 8
b11110110000011111101111100110110 5
b11110011011101111101100001110111 6
1%
#7090
0%
b1011000100 *
#7095
b1110011101010111 "
b1110011101010111 2
b1110101110011101 !
b1110101110011101 3
b100001000100110 1
b1110011101010111 7
b1110101110011101 8
b11110011101010111111111111011111 5
b11110101110011101010011010001001 6
1%
#7100
0%
b1011000101 *
#7105
b1110001110100100 "
b1110001110100100 2
b1111000100101111 !
b1111000100101111 3
b1111111111111111 4
b11111111111111111111111110010110 1
b1110001110100011 7
b1111000100101111 8
b11110001110100100000011001010010 5
b11111000100101111101110101011010 6
1%
#7110
0%
b1011000110 *
#7115
b1110000100101110 "
b1110000100101110 2
b1111011101100111 !
b1111011101100111 3
b0 4
b11000001001011 1
b1110000100101110 7
b1111011101100111 8
b11110000100101110000000100100011 5
b11111011101100111010110011111000 6
1%
#7120
0%
b1011000111 *
#7125
b1110000000010001 "
b1110000000010001 2
b1111110111111111 !
b1111110111111111 3
b1111111111111111 4
b11111111111111111111101011111111 1
b1110000000010000 7
b1111110111111111 8
b11110000000010001000001101110011 5
b11111110111111111100100010110111 6
1%
#7130
0%
b1011001000 *
#7135
b1110000001011000 "
b1110000001011000 2
b10010101101 !
b10010101101 3
b0 4
b10011010111 1
b1110000001011000 7
b10010101101 8
b11110000001011000111101111010111 5
b10010101101111011001011111 6
1%
#7140
0%
b1011001001 *
#7145
b1110001000000010 "
b1110001000000010 2
b101100100111 !
b101100100111 3
b1111111111111111 4
b11111111111111111101110000001110 1
b1110001000000001 7
b101100100111 8
b11110001000000010001011111111000 5
b101100100111101101100000101 6
1%
#7150
0%
b1011001010 *
#7155
b1110010011111011 "
b1110010011111011 2
b1000100100100 !
b1000100100100 3
b0 4
b10010011010111 1
b1110010011111011 7
b1000100100100 8
b11110010011111011010111101010011 5
b1000100100100111111110110010 6
1%
#7160
0%
b1011001011 *
#7165
b1110100100100010 "
b1110100100100010 2
b1011001100010 !
b1011001100010 3
b1100111111000 1
b1110100100100010 7
b1011001100010 8
b11110100100100010011110100010000 5
b1011001100010010001101100001 6
1%
#7170
0%
b1011001100 *
#7175
b1110111001001001 "
b1110111001001001 2
b1101010100101 !
b1101010100101 3
b100000011010110 1
b1110111001001001 7
b1101010100101 8
b11110111001001001010001100000010 5
b1101010100101111100000001110 6
1%
#7180
0%
b1011001101 *
#7185
b1111010000110110 "
b1111010000110110 2
b1110110111110 !
b1110110111110 3
b110101110011000 1
b1111010000110110 7
b1110110111110 8
b11111010000110110010010100000101 5
b1110110111110110110110111111 6
1%
#7190
0%
b1011001110 *
#7195
b1111101010100111 "
b1111101010100111 2
b1111110001011 !
b1111110001011 3
b111000110010110 1
b1111101010100111 7
b1111110001011 8
b11111101010100111000001001111110 5
b1111110001011000111101111010 6
1%
#7200
0%
b1011001111 *
#7205
b101010011 "
b101010011 2
b1111111110111 !
b1111111110111 3
b111111011000110 1
b101010011 7
b1111111110111 8
b101010011110101100101011 5
b1111111110111001100011010001 6
1%
#7210
0%
b1011010000 *
#7215
b11111110000 "
b11111110000 2
b1111011111101 !
b1111011111101 3
b1011100011110111 1
b11111110000 7
b1111011111101 8
b11111110000111110001010111 5
b1111011111101101101101000101 6
1%
#7220
0%
b1011010001 *
#7225
b111000110100 "
b111000110100 2
b1110010101001 !
b1110010101001 3
b1101110111011111 1
b111000110100 7
b1110010101001 8
b111000110100111111111101001 5
b1110010101001001011000110100 6
1%
#7230
0%
b1011010010 *
#7235
b1001111011010 "
b1001111011010 2
b1100100010100 !
b1100100010100 3
b1 4
b10000000011001100 1
b1001111011010 7
b1100100010100 8
b1001111011010001100000001111 5
b1100100010100111001010000100 6
1%
#7240
0%
b1011010011 *
#7245
b1100010100001 "
b1100010100001 2
b1010001100111 !
b1010001100111 3
b10010100101001110 1
b1100010100001 7
b1010001100111 8
b1100010100001111110000101101 5
b1010001100111001111111000101 6
1%
#7250
0%
b1011010100 *
#7255
b1110001010101 "
b1110001010101 2
b111011010110 !
b111011010110 3
b10100111010001110 1
b1110001010101 7
b111011010101 8
b1110001010101011001100110100 5
b111011010110000101000000100 6
1%
#7260
0%
b1011010101 *
#7265
b1111011001100 "
b1111011001100 2
b100010011111 !
b100010011111 3
b10100101111101100 1
b1111011001100 7
b100010011110 8
b1111011001100011011001001110 5
b100010011111000011111110101 6
1%
#7270
0%
b1011010110 *
#7275
b1111111101010 "
b1111111101010 2
b1000000111 !
b1000000111 3
b10110000111101011 1
b1111111101010 7
b1000000111 8
b1111111101010110110011011101 5
b1000000111100101000110111 6
1%
#7280
0%
b1011010111 *
#7285
b1111110100011 "
b1111110100011 2
b1111101101011000 !
b1111101101011000 3
b10110111111110111 1
b1111110100011 7
b1111101101011000 8
b1111110100011101000101110110 5
b11111101101011000111100101000010 6
1%
#7290
0%
b1011011000 *
#7295
b1110111111010 "
b1110111111010 2
b1111010011011110 !
b1111010011011110 3
b10111011101011000 1
b1110111111010 7
b1111010011011110 8
b1110111111010011011100001110 5
b11111010011011110000010111000111 6
1%
#7300
0%
b1011011001 *
#7305
b1101100000001 "
b1101100000001 2
b1110111011100000 !
b1110111011100000 3
b11000010111111111 1
b1101100000001 7
b1110111011100000 8
b1101100000001111101111101111 5
b11110111011100000100101110100110 6
1%
#7310
0%
b1011011010 *
#7315
b1011011011010 "
b1011011011010 2
b1110100110100010 !
b1110100110100010 3
b11000001111011000 1
b1011011011010 7
b1110100110100010 8
b1011011011010100111101101110 5
b11110100110100010010010110000101 6
1%
#7320
0%
b1011011011 *
#7325
b1000110110011 "
b1000110110011 2
b1110010101011110 !
b1110010101011110 3
b10110111001010011 1
b1000110110011 7
b1110010101011110 8
b1000110110011110010001010101 5
b11110010101011110100110010010100 6
1%
#7330
0%
b1011011100 *
#7335
b101111000110 "
b101111000110 2
b1110001001000100 !
b1110001001000100 3
b10100000011001100 1
b101111000110 7
b1110001001000100 8
b101111000110100000111001000 5
b11110001001000100101011010010101 6
1%
#7340
0%
b1011011101 *
#7345
b10101010101 "
b10101010101 2
b1110000001110111 !
b1110000001110111 3
b10001101001110110 1
b10101010101 7
b1110000001110111 8
b10101010101100001101000001 5
b11110000001110111011010111011001 6
1%
#7350
0%
b1011011110 *
#7355
b1111111010101000 "
b1111111010101000 2
b1110000000001011 !
b1110000000001011 3
b0 4
b1111000101000111 1
b1111111010101000 7
b1110000000001011 8
b11111111010101000101010100111111 5
b11110000000001011100110000001011 6
1%
#7360
0%
b1011011111 *
#7365
b1111100000001010 "
b1111100000001010 2
b1110000100000101 !
b1110000100000101 3
b1101010110000011 1
b1111100000001010 7
b1110000100000101 8
b11111100000001010100011011011111 5
b11110000100000101010010000110100 6
1%
#7370
0%
b1011100000 *
#7375
b1111000111000101 "
b1111000111000101 2
b1110001101011010 !
b1110001101011010 3
b1100001011000011 1
b1111000111000101 7
b1110001101011010 8
b11111000111000101100011000011001 5
b11110001101011010000001111100010 6
1%
#7380
0%
b1011100001 *
#7385
b1110110000011111 "
b1110110000011111 2
b1110011011101111 !
b1110011011101111 3
b1000000100011110 1
b1110110000011111 7
b1110011011101111 8
b11110110000011111101111100110110 5
b11110011011101111101100001110111 6
1%
#7390
0%
b1011100010 *
#7395
b1110011101010111 "
b1110011101010111 2
b1110101110011101 !
b1110101110011101 3
b100001000100110 1
b1110011101010111 7
b1110101110011101 8
b11110011101010111111111111011111 5
b11110101110011101010011010001001 6
1%
#7400
0%
b1011100011 *
#7405
b1110001110100100 "
b1110001110100100 2
b1111000100101111 !
b1111000100101111 3
b1111111111111111 4
b11111111111111111111111110010110 1
b1110001110100011 7
b1111000100101111 8
b11110001110100100000011001010010 5
b11111000100101111101110101011010 6
1%
#7410
0%
b1011100100 *
#7415
b1110000100101110 "
b1110000100101110 2
b1111011101100111 !
b1111011101100111 3
b0 4
b11000001001011 1
b1110000100101110 7
b1111011101100111 8
b11110000100101110000000100100011 5
b11111011101100111010110011111000 6
1%
#7420
0%
b1011100101 *
#7425
b1110000000010001 "
b1110000000010001 2
b1111110111111111 !
b1111110111111111 3
b1111111111111111 4
b11111111111111111111101011111111 1
b1110000000010000 7
b1111110111111111 8
b11110000000010001000001101110011 5
b11111110111111111100100010110111 6
1%
#7430
0%
b1011100110 *
#7435
b1110000001011000 "
b1110000001011000 2
b10010101101 !
b10010101101 3
b0 4
b10011010111 1
b1110000001011000 7
b10010101101 8
b11110000001011000111101111010111 5
b10010101101111011001011111 6
1%
#7440
0%
b1011100111 *
#7445
b1110001000000010 "
b1110001000000010 2
b101100100111 !
b101100100111 3
b1111111111111111 4
b11111111111111111101110000001110 1
b1110001000000001 7
b101100100111 8
b11110001000000010001011111111000 5
b101100100111101101100000101 6
1%
#7450
0%
b1011101000 *
#7455
b1110010011111011 "
b1110010011111011 2
b1000100100100 !
b1000100100100 3
b0 4
b10010011010111 1
b1110010011111011 7
b1000100100100 8
b11110010011111011010111101010011 5
b1000100100100111111110110010 6
1%
#7460
0%
b1011101001 *
#7465
b1110100100100010 "
b1110100100100010 2
b1011001100010 !
b1011001100010 3
b1100111111000 1
b1110100100100010 7
b1011001100010 8
b11110100100100010011110100010000 5
b1011001100010010001101100001 6
1%
#7470
0%
b1011101010 *
#7475
b1110111001001001 "
b1110111001001001 2
b1101010100101 !
b1101010100101 3
b100000011010110 1
b1110111001001001 7
b1101010100101 8
b11110111001001001010001100000010 5
b1101010100101111100000001110 6
1%
#7480
0%
b1011101011 *
#7485
b1111010000110110 "
b1111010000110110 2
b1110110111110 !
b1110110111110 3
b110101110011000 1
b1111010000110110 7
b1110110111110 8
b11111010000110110010010100000101 5
b1110110111110110110110111111 6
1%
#7490
0%
b1011101100 *
#7495
b1111101010100111 "
b1111101010100111 2
b1111110001011 !
b1111110001011 3
b111000110010110 1
b1111101010100111 7
b1111110001011 8
b11111101010100111000001001111110 5
b1111110001011000111101111010 6
1%
#7500
0%
b1011101101 *
#7505
b101010011 "
b101010011 2
b1111111110111 !
b1111111110111 3
b111111011000110 1
b101010011 7
b1111111110111 8
b101010011110101100101011 5
b1111111110111001100011010001 6
1%
#7510
0%
b1011101110 *
#7515
b11111110000 "
b11111110000 2
b1111011111101 !
b1111011111101 3
b1011100011110111 1
b11111110000 7
b1111011111101 8
b11111110000111110001010111 5
b1111011111101101101101000101 6
1%
#7520
0%
b1011101111 *
#7525
b111000110100 "
b111000110100 2
b1110010101001 !
b1110010101001 3
b1101110111011111 1
b111000110100 7
b1110010101001 8
b111000110100111111111101001 5
b1110010101001001011000110100 6
1%
#7530
0%
b1011110000 *
#7535
b1001111011010 "
b1001111011010 2
b1100100010100 !
b1100100010100 3
b1 4
b10000000011001100 1
b1001111011010 7
b1100100010100 8
b1001111011010001100000001111 5
b1100100010100111001010000100 6
1%
#7540
0%
b1011110001 *
#7545
b1100010100001 "
b1100010100001 2
b1010001100111 !
b1010001100111 3
b10010100101001110 1
b1100010100001 7
b1010001100111 8
b1100010100001111110000101101 5
b1010001100111001111111000101 6
1%
#7550
0%
b1011110010 *
#7555
b1110001010101 "
b1110001010101 2
b111011010110 !
b111011010110 3
b10100111010001110 1
b1110001010101 7
b111011010101 8
b1110001010101011001100110100 5
b111011010110000101000000100 6
1%
#7560
0%
b1011110011 *
#7565
b1111011001100 "
b1111011001100 2
b100010011111 !
b100010011111 3
b10100101111101100 1
b1111011001100 7
b100010011110 8
b1111011001100011011001001110 5
b100010011111000011111110101 6
1%
#7570
0%
b1011110100 *
#7575
b1111111101010 "
b1111111101010 2
b1000000111 !
b1000000111 3
b10110000111101011 1
b1111111101010 7
b1000000111 8
b1111111101010110110011011101 5
b1000000111100101000110111 6
1%
#7580
0%
b1011110101 *
#7585
b1111110100011 "
b1111110100011 2
b1111101101011000 !
b1111101101011000 3
b10110111111110111 1
b1111110100011 7
b1111101101011000 8
b1111110100011101000101110110 5
b11111101101011000111100101000010 6
1%
#7590
0%
b1011110110 *
#7595
b1110111111010 "
b1110111111010 2
b1111010011011110 !
b1111010011011110 3
b10111011101011000 1
b1110111111010 7
b1111010011011110 8
b1110111111010011011100001110 5
b11111010011011110000010111000111 6
1%
#7600
0%
b1011110111 *
#7605
b1101100000001 "
b1101100000001 2
b1110111011100000 !
b1110111011100000 3
b11000010111111111 1
b1101100000001 7
b1110111011100000 8
b1101100000001111101111101111 5
b11110111011100000100101110100110 6
1%
#7610
0%
b1011111000 *
#7615
b1011011011010 "
b1011011011010 2
b1110100110100010 !
b1110100110100010 3
b11000001111011000 1
b1011011011010 7
b1110100110100010 8
b1011011011010100111101101110 5
b11110100110100010010010110000101 6
1%
#7620
0%
b1011111001 *
#7625
b1000110110011 "
b1000110110011 2
b1110010101011110 !
b1110010101011110 3
b10110111001010011 1
b1000110110011 7
b1110010101011110 8
b1000110110011110010001010101 5
b11110010101011110100110010010100 6
1%
#7630
0%
b1011111010 *
#7635
b101111000110 "
b101111000110 2
b1110001001000100 !
b1110001001000100 3
b10100000011001100 1
b101111000110 7
b1110001001000100 8
b101111000110100000111001000 5
b11110001001000100101011010010101 6
1%
#7640
0%
b1011111011 *
#7645
b10101010101 "
b10101010101 2
b1110000001110111 !
b1110000001110111 3
b10001101001110110 1
b10101010101 7
b1110000001110111 8
b10101010101100001101000001 5
b11110000001110111011010111011001 6
1%
#7650
0%
b1011111100 *
#7655
b1111111010101000 "
b1111111010101000 2
b1110000000001011 !
b1110000000001011 3
b0 4
b1111000101000111 1
b1111111010101000 7
b1110000000001011 8
b11111111010101000101010100111111 5
b11110000000001011100110000001011 6
1%
#7660
0%
b1011111101 *
#7665
b1111100000001010 "
b1111100000001010 2
b1110000100000101 !
b1110000100000101 3
b1101010110000011 1
b1111100000001010 7
b1110000100000101 8
b11111100000001010100011011011111 5
b11110000100000101010010000110100 6
1%
#7670
0%
b1011111110 *
#7675
b1111000111000101 "
b1111000111000101 2
b1110001101011010 !
b1110001101011010 3
b1100001011000011 1
b1111000111000101 7
b1110001101011010 8
b11111000111000101100011000011001 5
b11110001101011010000001111100010 6
1%
#7680
0%
b1011111111 *
#7685
b1110110000011111 "
b1110110000011111 2
b1110011011101111 !
b1110011011101111 3
b1000000100011110 1
b1110110000011111 7
b1110011011101111 8
b11110110000011111101111100110110 5
b11110011011101111101100001110111 6
1%
#7690
0%
b1100000000 *
#7695
b1110011101010111 "
b1110011101010111 2
b1110101110011101 !
b1110101110011101 3
b100001000100110 1
b1110011101010111 7
b1110101110011101 8
b11110011101010111111111111011111 5
b11110101110011101010011010001001 6
1%
#7700
0%
b1100000001 *
#7705
b1110001110100100 "
b1110001110100100 2
b1111000100101111 !
b1111000100101111 3
b1111111111111111 4
b11111111111111111111111110010110 1
b1110001110100011 7
b1111000100101111 8
b11110001110100100000011001010010 5
b11111000100101111101110101011010 6
1%
#7710
0%
b1100000010 *
#7715
b1110000100101110 "
b1110000100101110 2
b1111011101100111 !
b1111011101100111 3
b0 4
b11000001001011 1
b1110000100101110 7
b1111011101100111 8
b11110000100101110000000100100011 5
b11111011101100111010110011111000 6
1%
#7720
0%
b1100000011 *
#7725
b1110000000010001 "
b1110000000010001 2
b1111110111111111 !
b1111110111111111 3
b1111111111111111 4
b11111111111111111111101011111111 1
b1110000000010000 7
b1111110111111111 8
b11110000000010001000001101110011 5
b11111110111111111100100010110111 6
1%
#7730
0%
b1100000100 *
#7735
b1110000001011000 "
b1110000001011000 2
b10010101101 !
b10010101101 3
b0 4
b10011010111 1
b1110000001011000 7
b10010101101 8
b11110000001011000111101111010111 5
b10010101101111011001011111 6
1%
#7740
0%
b1100000101 *
#7745
b1110001000000010 "
b1110001000000010 2
b101100100111 !
b101100100111 3
b1111111111111111 4
b11111111111111111101110000001110 1
b1110001000000001 7
b101100100111 8
b11110001000000010001011111111000 5
b101100100111101101100000101 6
1%
#7750
0%
b1100000110 *
#7755
b1110010011111011 "
b1110010011111011 2
b1000100100100 !
b1000100100100 3
b0 4
b10010011010111 1
b1110010011111011 7
b1000100100100 8
b11110010011111011010111101010011 5
b1000100100100111111110110010 6
1%
#7760
0%
b1100000111 *
#7765
b1110100100100010 "
b1110100100100010 2
b1011001100010 !
b1011001100010 3
b1100111111000 1
b1110100100100010 7
b1011001100010 8
b11110100100100010011110100010000 5
b1011001100010010001101100001 6
1%
#7770
0%
b1100001000 *
#7775
b1110111001001001 "
b1110111001001001 2
b1101010100101 !
b1101010100101 3
b100000011010110 1
b1110111001001001 7
b1101010100101 8
b11110111001001001010001100000010 5
b1101010100101111100000001110 6
1%
#7780
0%
b1100001001 *
#7785
b1111010000110110 "
b1111010000110110 2
b1110110111110 !
b1110110111110 3
b110101110011000 1
b1111010000110110 7
b1110110111110 8
b11111010000110110010010100000101 5
b1110110111110110110110111111 6
1%
#7790
0%
b1100001010 *
#7795
b1111101010100111 "
b1111101010100111 2
b1111110001011 !
b1111110001011 3
b111000110010110 1
b1111101010100111 7
b1111110001011 8
b11111101010100111000001001111110 5
b1111110001011000111101111010 6
1%
#7800
0%
b1100001011 *
#7805
b101010011 "
b101010011 2
b1111111110111 !
b1111111110111 3
b111111011000110 1
b101010011 7
b1111111110111 8
b101010011110101100101011 5
b1111111110111001100011010001 6
1%
#7810
0%
b1100001100 *
#7815
b11111110000 "
b11111110000 2
b1111011111101 !
b1111011111101 3
b1011100011110111 1
b11111110000 7
b1111011111101 8
b11111110000111110001010111 5
b1111011111101101101101000101 6
1%
#7820
0%
b1100001101 *
#7825
b111000110100 "
b111000110100 2
b1110010101001 !
b1110010101001 3
b1101110111011111 1
b111000110100 7
b1110010101001 8
b111000110100111111111101001 5
b1110010101001001011000110100 6
1%
#7830
0%
b1100001110 *
#7835
b1001111011010 "
b1001111011010 2
b1100100010100 !
b1100100010100 3
b1 4
b10000000011001100 1
b1001111011010 7
b1100100010100 8
b1001111011010001100000001111 5
b1100100010100111001010000100 6
1%
#7840
0%
b1100001111 *
#7845
b1100010100001 "
b1100010100001 2
b1010001100111 !
b1010001100111 3
b10010100101001110 1
b1100010100001 7
b1010001100111 8
b1100010100001111110000101101 5
b1010001100111001111111000101 6
1%
#7850
0%
b1100010000 *
#7855
b1110001010101 "
b1110001010101 2
b111011010110 !
b111011010110 3
b10100111010001110 1
b1110001010101 7
b111011010101 8
b1110001010101011001100110100 5
b111011010110000101000000100 6
1%
#7860
0%
b1100010001 *
#7865
b1111011001100 "
b1111011001100 2
b100010011111 !
b100010011111 3
b10100101111101100 1
b1111011001100 7
b100010011110 8
b1111011001100011011001001110 5
b100010011111000011111110101 6
1%
#7870
0%
b1100010010 *
#7875
b1111111101010 "
b1111111101010 2
b1000000111 !
b1000000111 3
b10110000111101011 1
b1111111101010 7
b1000000111 8
b1111111101010110110011011101 5
b1000000111100101000110111 6
1%
#7880
0%
b1100010011 *
#7885
b1111110100011 "
b1111110100011 2
b1111101101011000 !
b1111101101011000 3
b10110111111110111 1
b1111110100011 7
b1111101101011000 8
b1111110100011101000101110110 5
b11111101101011000111100101000010 6
1%
#7890
0%
b1100010100 *
#7895
b1110111111010 "
b1110111111010 2
b1111010011011110 !
b1111010011011110 3
b10111011101011000 1
b1110111111010 7
b1111010011011110 8
b1110111111010011011100001110 5
b11111010011011110000010111000111 6
1%
#7900
0%
b1100010101 *
#7905
b1101100000001 "
b1101100000001 2
b1110111011100000 !
b1110111011100000 3
b11000010111111111 1
b1101100000001 7
b1110111011100000 8
b1101100000001111101111101111 5
b11110111011100000100101110100110 6
1%
#7910
0%
b1100010110 *
#7915
b1011011011010 "
b1011011011010 2
b1110100110100010 !
b1110100110100010 3
b11000001111011000 1
b1011011011010 7
b1110100110100010 8
b1011011011010100111101101110 5
b11110100110100010010010110000101 6
1%
#7920
0%
b1100010111 *
#7925
b1000110110011 "
b1000110110011 2
b1110010101011110 !
b1110010101011110 3
b10110111001010011 1
b1000110110011 7
b1110010101011110 8
b1000110110011110010001010101 5
b11110010101011110100110010010100 6
1%
#7930
0%
b1100011000 *
#7935
b101111000110 "
b101111000110 2
b1110001001000100 !
b1110001001000100 3
b10100000011001100 1
b101111000110 7
b1110001001000100 8
b101111000110100000111001000 5
b11110001001000100101011010010101 6
1%
#7940
0%
b1100011001 *
#7945
b10101010101 "
b10101010101 2
b1110000001110111 !
b1110000001110111 3
b10001101001110110 1
b10101010101 7
b1110000001110111 8
b10101010101100001101000001 5
b11110000001110111011010111011001 6
1%
#7950
0%
b1100011010 *
#7955
b1111111010101000 "
b1111111010101000 2
b1110000000001011 !
b1110000000001011 3
b0 4
b1111000101000111 1
b1111111010101000 7
b1110000000001011 8
b11111111010101000101010100111111 5
b11110000000001011100110000001011 6
1%
#7960
0%
b1100011011 *
#7965
b1111100000001010 "
b1111100000001010 2
b1110000100000101 !
b1110000100000101 3
b1101010110000011 1
b1111100000001010 7
b1110000100000101 8
b11111100000001010100011011011111 5
b11110000100000101010010000110100 6
1%
#7970
0%
b1100011100 *
#7975
b1111000111000101 "
b1111000111000101 2
b1110001101011010 !
b1110001101011010 3
b1100001011000011 1
b1111000111000101 7
b1110001101011010 8
b11111000111000101100011000011001 5
b11110001101011010000001111100010 6
1%
#7980
0%
b1100011101 *
#7985
b1110110000011111 "
b1110110000011111 2
b1110011011101111 !
b1110011011101111 3
b1000000100011110 1
b1110110000011111 7
b1110011011101111 8
b11110110000011111101111100110110 5
b11110011011101111101100001110111 6
1%
#7990
0%
b1100011110 *
#7995
b1110011101010111 "
b1110011101010111 2
b1110101110011101 !
b1110101110011101 3
b100001000100110 1
b1110011101010111 7
b1110101110011101 8
b11110011101010111111111111011111 5
b11110101110011101010011010001001 6
1%
#8000
0%
b1100011111 *
#8005
b1110001110100100 "
b1110001110100100 2
b1111000100101111 !
b1111000100101111 3
b1111111111111111 4
b11111111111111111111111110010110 1
b1110001110100011 7
b1111000100101111 8
b11110001110100100000011001010010 5
b11111000100101111101110101011010 6
1%
#8010
0%
b1100100000 *
#8015
b1110000100101110 "
b1110000100101110 2
b1111011101100111 !
b1111011101100111 3
b0 4
b11000001001011 1
b1110000100101110 7
b1111011101100111 8
b11110000100101110000000100100011 5
b11111011101100111010110011111000 6
1%
#8020
0%
b1100100001 *
#8025
b1110000000010001 "
b1110000000010001 2
b1111110111111111 !
b1111110111111111 3
b1111111111111111 4
b11111111111111111111101011111111 1
b1110000000010000 7
b1111110111111111 8
b11110000000010001000001101110011 5
b11111110111111111100100010110111 6
1%
#8030
0%
b1100100010 *
#8035
b1110000001011000 "
b1110000001011000 2
b10010101101 !
b10010101101 3
b0 4
b10011010111 1
b1110000001011000 7
b10010101101 8
b11110000001011000111101111010111 5
b10010101101111011001011111 6
1%
#8040
0%
b1100100011 *
#8045
b1110001000000010 "
b1110001000000010 2
b101100100111 !
b101100100111 3
b1111111111111111 4
b11111111111111111101110000001110 1
b1110001000000001 7
b101100100111 8
b11110001000000010001011111111000 5
b101100100111101101100000101 6
1%
#8050
0%
b1100100100 *
#8055
b1110010011111011 "
b1110010011111011 2
b1000100100100 !
b1000100100100 3
b0 4
b10010011010111 1
b1110010011111011 7
b1000100100100 8
b11110010011111011010111101010011 5
b1000100100100111111110110010 6
1%
#8060
0%
b1100100101 *
#8065
b1110100100100010 "
b1110100100100010 2
b1011001100010 !
b1011001100010 3
b1100111111000 1
b1110100100100010 7
b1011001100010 8
b11110100100100010011110100010000 5
b1011001100010010001101100001 6
1%
#8070
0%
b1100100110 *
#8075
b1110111001001001 "
b1110111001001001 2
b1101010100101 !
b1101010100101 3
b100000011010110 1
b1110111001001001 7
b1101010100101 8
b11110111001001001010001100000010 5
b1101010100101111100000001110 6
1%
#8080
0%
b1100100111 *
#8085
b1111010000110110 "
b1111010000110110 2
b1110110111110 !
b1110110111110 3
b110101110011000 1
b1111010000110110 7
b1110110111110 8
b11111010000110110010010100000101 5
b1110110111110110110110111111 6
1%
#8090
0%
b1100101000 *
#8095
b1111101010100111 "
b1111101010100111 2
b1111110001011 !
b1111110001011 3
b111000110010110 1
b1111101010100111 7
b1111110001011 8
b11111101010100111000001001111110 5
b1111110001011000111101111010 6
1%
#8100
0%
b1100101001 *
#8105
b101010011 "
b101010011 2
b1111111110111 !
b1111111110111 3
b111111011000110 1
b101010011 7
b1111111110111 8
b101010011110101100101011 5
b1111111110111001100011010001 6
1%
#8110
0%
b1100101010 *
#8115
b11111110000 "
b11111110000 2
b1111011111101 !
b1111011111101 3
b1011100011110111 1
b11111110000 7
b1111011111101 8
b11111110000111110001010111 5
b1111011111101101101101000101 6
1%
#8120
0%
b1100101011 *
#8125
b111000110100 "
b111000110100 2
b1110010101001 !
b1110010101001 3
b1101110111011111 1
b111000110100 7
b1110010101001 8
b111000110100111111111101001 5
b1110010101001001011000110100 6
1%
#8130
0%
b1100101100 *
#8135
b1001111011010 "
b1001111011010 2
b1100100010100 !
b1100100010100 3
b1 4
b10000000011001100 1
b1001111011010 7
b1100100010100 8
b1001111011010001100000001111 5
b1100100010100111001010000100 6
1%
#8140
0%
b1100101101 *
#8145
b1100010100001 "
b1100010100001 2
b1010001100111 !
b1010001100111 3
b10010100101001110 1
b1100010100001 7
b1010001100111 8
b1100010100001111110000101101 5
b1010001100111001111111000101 6
1%
#8150
0%
b1100101110 *
#8155
b1110001010101 "
b1110001010101 2
b111011010110 !
b111011010110 3
b10100111010001110 1
b1110001010101 7
b111011010101 8
b1110001010101011001100110100 5
b111011010110000101000000100 6
1%
#8160
0%
b1100101111 *
#8165
b1111011001100 "
b1111011001100 2
b100010011111 !
b100010011111 3
b10100101111101100 1
b1111011001100 7
b100010011110 8
b1111011001100011011001001110 5
b100010011111000011111110101 6
1%
#8170
0%
b1100110000 *
#8175
b1111111101010 "
b1111111101010 2
b1000000111 !
b1000000111 3
b10110000111101011 1
b1111111101010 7
b1000000111 8
b1111111101010110110011011101 5
b1000000111100101000110111 6
1%
#8180
0%
b1100110001 *
#8185
b1111110100011 "
b1111110100011 2
b1111101101011000 !
b1111101101011000 3
b10110111111110111 1
b1111110100011 7
b1111101101011000 8
b1111110100011101000101110110 5
b11111101101011000111100101000010 6
1%
#8190
0%
b1100110010 *
#8195
b1110111111010 "
b1110111111010 2
b1111010011011110 !
b1111010011011110 3
b10111011101011000 1
b1110111111010 7
b1111010011011110 8
b1110111111010011011100001110 5
b11111010011011110000010111000111 6
1%
#8200
0%
b1100110011 *
#8205
b1101100000001 "
b1101100000001 2
b1110111011100000 !
b1110111011100000 3
b11000010111111111 1
b1101100000001 7
b1110111011100000 8
b1101100000001111101111101111 5
b11110111011100000100101110100110 6
1%
#8210
0%
b1100110100 *
#8215
b1011011011010 "
b1011011011010 2
b1110100110100010 !
b1110100110100010 3
b11000001111011000 1
b1011011011010 7
b1110100110100010 8
b1011011011010100111101101110 5
b11110100110100010010010110000101 6
1%
#8220
0%
b1100110101 *
#8225
b1000110110011 "
b1000110110011 2
b1110010101011110 !
b1110010101011110 3
b10110111001010011 1
b1000110110011 7
b1110010101011110 8
b1000110110011110010001010101 5
b11110010101011110100110010010100 6
1%
#8230
0%
b1100110110 *
#8235
b101111000110 "
b101111000110 2
b1110001001000100 !
b1110001001000100 3
b10100000011001100 1
b101111000110 7
b1110001001000100 8
b101111000110100000111001000 5
b11110001001000100101011010010101 6
1%
#8240
0%
b1100110111 *
#8245
b10101010101 "
b10101010101 2
b1110000001110111 !
b1110000001110111 3
b10001101001110110 1
b10101010101 7
b1110000001110111 8
b10101010101100001101000001 5
b11110000001110111011010111011001 6
1%
#8250
0%
b1100111000 *
#8255
b1111111010101000 "
b1111111010101000 2
b1110000000001011 !
b1110000000001011 3
b0 4
b1111000101000111 1
b1111111010101000 7
b1110000000001011 8
b11111111010101000101010100111111 5
b11110000000001011100110000001011 6
1%
#8260
0%
b1100111001 *
#8265
b1111100000001010 "
b1111100000001010 2
b1110000100000101 !
b1110000100000101 3
b1101010110000011 1
b1111100000001010 7
b1110000100000101 8
b11111100000001010100011011011111 5
b11110000100000101010010000110100 6
1%
#8270
0%
b1100111010 *
#8275
b1111000111000101 "
b1111000111000101 2
b1110001101011010 !
b1110001101011010 3
b1100001011000011 1
b1111000111000101 7
b1110001101011010 8
b11111000111000101100011000011001 5
b11110001101011010000001111100010 6
1%
#8280
0%
b1100111011 *
#8285
b1110110000011111 "
b1110110000011111 2
b1110011011101111 !
b1110011011101111 3
b1000000100011110 1
b1110110000011111 7
b1110011011101111 8
b11110110000011111101111100110110 5
b11110011011101111101100001110111 6
1%
#8290
0%
b1100111100 *
#8295
b1110011101010111 "
b1110011101010111 2
b1110101110011101 !
b1110101110011101 3
b100001000100110 1
b1110011101010111 7
b1110101110011101 8
b11110011101010111111111111011111 5
b11110101110011101010011010001001 6
1%
#8300
0%
b1100111101 *
#8305
b1110001110100100 "
b1110001110100100 2
b1111000100101111 !
b1111000100101111 3
b1111111111111111 4
b11111111111111111111111110010110 1
b1110001110100011 7
b1111000100101111 8
b11110001110100100000011001010010 5
b11111000100101111101110101011010 6
1%
#8310
0%
b1100111110 *
#8315
b1110000100101110 "
b1110000100101110 2
b1111011101100111 !
b1111011101100111 3
b0 4
b11000001001011 1
b1110000100101110 7
b1111011101100111 8
b11110000100101110000000100100011 5
b11111011101100111010110011111000 6
1%
#8320
0%
b1100111111 *
#8325
b1110000000010001 "
b1110000000010001 2
b1111110111111111 !
b1111110111111111 3
b1111111111111111 4
b11111111111111111111101011111111 1
b1110000000010000 7
b1111110111111111 8
b11110000000010001000001101110011 5
b11111110111111111100100010110111 6
1%
#8330
0%
b1101000000 *
#8335
b1110000001011000 "
b1110000001011000 2
b10010101101 !
b10010101101 3
b0 4
b10011010111 1
b1110000001011000 7
b10010101101 8
b11110000001011000111101111010111 5
b10010101101111011001011111 6
1%
#8340
0%
b1101000001 *
#8345
b1110001000000010 "
b1110001000000010 2
b101100100111 !
b101100100111 3
b1111111111111111 4
b11111111111111111101110000001110 1
b1110001000000001 7
b101100100111 8
b11110001000000010001011111111000 5
b101100100111101101100000101 6
1%
#8350
0%
b1101000010 *
#8355
b1110010011111011 "
b1110010011111011 2
b1000100100100 !
b1000100100100 3
b0 4
b10010011010111 1
b1110010011111011 7
b1000100100100 8
b11110010011111011010111101010011 5
b1000100100100111111110110010 6
1%
#8360
0%
b1101000011 *
#8365
b1110100100100010 "
b1110100100100010 2
b1011001100010 !
b1011001100010 3
b1100111111000 1
b1110100100100010 7
b1011001100010 8
b11110100100100010011110100010000 5
b1011001100010010001101100001 6
1%
#8370
0%
b1101000100 *
#8375
b1110111001001001 "
b1110111001001001 2
b1101010100101 !
b1101010100101 3
b100000011010110 1
b1110111001001001 7
b1101010100101 8
b11110111001001001010001100000010 5
b1101010100101111100000001110 6
1%
#8380
0%
b1101000101 *
#8385
b1111010000110110 "
b1111010000110110 2
b1110110111110 !
b1110110111110 3
b110101110011000 1
b1111010000110110 7
b1110110111110 8
b11111010000110110010010100000101 5
b1110110111110110110110111111 6
1%
#8390
0%
b1101000110 *
#8395
b1111101010100111 "
b1111101010100111 2
b1111110001011 !
b1111110001011 3
b111000110010110 1
b1111101010100111 7
b1111110001011 8
b11111101010100111000001001111110 5
b1111110001011000111101111010 6
1%
#8400
0%
b1101000111 *
#8405
b101010011 "
b101010011 2
b1111111110111 !
b1111111110111 3
b111111011000110 1
b101010011 7
b1111111110111 8
b101010011110101100101011 5
b1111111110111001100011010001 6
1%
#8410
0%
b1101001000 *
#8415
b11111110000 "
b11111110000 2
b1111011111101 !
b1111011111101 3
b1011100011110111 1
b11111110000 7
b1111011111101 8
b11111110000111110001010111 5
b1111011111101101101101000101 6
1%
#8420
0%
b1101001001 *
#8425
b111000110100 "
b111000110100 2
b1110010101001 !
b1110010101001 3
b1101110111011111 1
b111000110100 7
b1110010101001 8
b111000110100111111111101001 5
b1110010101001001011000110100 6
1%
#8430
0%
b1101001010 *
#8435
b1001111011010 "
b1001111011010 2
b1100100010100 !
b1100100010100 3
b1 4
b10000000011001100 1
b1001111011010 7
b1100100010100 8
b1001111011010001100000001111 5
b1100100010100111001010000100 6
1%
#8440
0%
b1101001011 *
#8445
b1100010100001 "
b1100010100001 2
b1010001100111 !
b1010001100111 3
b10010100101001110 1
b1100010100001 7
b1010001100111 8
b1100010100001111110000101101 5
b1010001100111001111111000101 6
1%
#8450
0%
b1101001100 *
#8455
b1110001010101 "
b1110001010101 2
b111011010110 !
b111011010110 3
b10100111010001110 1
b1110001010101 7
b111011010101 8
b1110001010101011001100110100 5
b111011010110000101000000100 6
1%
#8460
0%
b1101001101 *
#8465
b1111011001100 "
b1111011001100 2
b100010011111 !
b100010011111 3
b10100101111101100 1
b1111011001100 7
b100010011110 8
b1111011001100011011001001110 5
b100010011111000011111110101 6
1%
#8470
0%
b1101001110 *
#8475
b1111111101010 "
b1111111101010 2
b1000000111 !
b1000000111 3
b10110000111101011 1
b1111111101010 7
b1000000111 8
b1111111101010110110011011101 5
b1000000111100101000110111 6
1%
#8480
0%
b1101001111 *
#8485
b1111110100011 "
b1111110100011 2
b1111101101011000 !
b1111101101011000 3
b10110111111110111 1
b1111110100011 7
b1111101101011000 8
b1111110100011101000101110110 5
b11111101101011000111100101000010 6
1%
#8490
0%
b1101010000 *
#8495
b1110111111010 "
b1110111111010 2
b1111010011011110 !
b1111010011011110 3
b10111011101011000 1
b1110111111010 7
b1111010011011110 8
b1110111111010011011100001110 5
b11111010011011110000010111000111 6
1%
#8500
0%
b1101010001 *
#8505
b1101100000001 "
b1101100000001 2
b1110111011100000 !
b1110111011100000 3
b11000010111111111 1
b1101100000001 7
b1110111011100000 8
b1101100000001111101111101111 5
b11110111011100000100101110100110 6
1%
#8510
0%
b1101010010 *
#8515
b1011011011010 "
b1011011011010 2
b1110100110100010 !
b1110100110100010 3
b11000001111011000 1
b1011011011010 7
b1110100110100010 8
b1011011011010100111101101110 5
b11110100110100010010010110000101 6
1%
#8520
0%
b1101010011 *
#8525
b1000110110011 "
b1000110110011 2
b1110010101011110 !
b1110010101011110 3
b10110111001010011 1
b1000110110011 7
b1110010101011110 8
b1000110110011110010001010101 5
b11110010101011110100110010010100 6
1%
#8530
0%
b1101010100 *
#8535
b101111000110 "
b101111000110 2
b1110001001000100 !
b1110001001000100 3
b10100000011001100 1
b101111000110 7
b1110001001000100 8
b101111000110100000111001000 5
b11110001001000100101011010010101 6
1%
#8540
0%
b1101010101 *
#8545
b10101010101 "
b10101010101 2
b1110000001110111 !
b1110000001110111 3
b10001101001110110 1
b10101010101 7
b1110000001110111 8
b10101010101100001101000001 5
b11110000001110111011010111011001 6
1%
#8550
0%
b1101010110 *
#8555
b1111111010101000 "
b1111111010101000 2
b1110000000001011 !
b1110000000001011 3
b0 4
b1111000101000111 1
b1111111010101000 7
b1110000000001011 8
b11111111010101000101010100111111 5
b11110000000001011100110000001011 6
1%
#8560
0%
b1101010111 *
#8565
b1111100000001010 "
b1111100000001010 2
b1110000100000101 !
b1110000100000101 3
b1101010110000011 1
b1111100000001010 7
b1110000100000101 8
b11111100000001010100011011011111 5
b11110000100000101010010000110100 6
1%
#8570
0%
b1101011000 *
#8575
b1111000111000101 "
b1111000111000101 2
b1110001101011010 !
b1110001101011010 3
b1100001011000011 1
b1111000111000101 7
b1110001101011010 8
b11111000111000101100011000011001 5
b11110001101011010000001111100010 6
1%
#8580
0%
b1101011001 *
#8585
b1110110000011111 "
b1110110000011111 2
b1110011011101111 !
b1110011011101111 3
b1000000100011110 1
b1110110000011111 7
b1110011011101111 8
b11110110000011111101111100110110 5
b11110011011101111101100001110111 6
1%
#8590
0%
b1101011010 *
#8595
b1110011101010111 "
b1110011101010111 2
b1110101110011101 !
b1110101110011101 3
b100001000100110 1
b1110011101010111 7
b1110101110011101 8
b11110011101010111111111111011111 5
b11110101110011101010011010001001 6
1%
#8600
0%
b1101011011 *
#8605
b1110001110100100 "
b1110001110100100 2
b1111000100101111 !
b1111000100101111 3
b1111111111111111 4
b11111111111111111111111110010110 1
b1110001110100011 7
b1111000100101111 8
b11110001110100100000011001010010 5
b11111000100101111101110101011010 6
1%
#8610
0%
b1101011100 *
#8615
b1110000100101110 "
b1110000100101110 2
b1111011101100111 !
b1111011101100111 3
b0 4
b11000001001011 1
b1110000100101110 7
b1111011101100111 8
b11110000100101110000000100100011 5
b11111011101100111010110011111000 6
1%
#8620
0%
b1101011101 *
#8625
b1110000000010001 "
b1110000000010001 2
b1111110111111111 !
b1111110111111111 3
b1111111111111111 4
b11111111111111111111101011111111 1
b1110000000010000 7
b1111110111111111 8
b11110000000010001000001101110011 5
b11111110111111111100100010110111 6
1%
#8630
0%
b1101011110 *
#8635
b1110000001011000 "
b1110000001011000 2
b10010101101 !
b10010101101 3
b0 4
b10011010111 1
b1110000001011000 7
b10010101101 8
b11110000001011000111101111010111 5
b10010101101111011001011111 6
1%
#8640
0%
b1101011111 *
#8645
b1110001000000010 "
b1110001000000010 2
b101100100111 !
b101100100111 3
b1111111111111111 4
b11111111111111111101110000001110 1
b1110001000000001 7
b101100100111 8
b11110001000000010001011111111000 5
b101100100111101101100000101 6
1%
#8650
0%
b1101100000 *
#8655
b1110010011111011 "
b1110010011111011 2
b1000100100100 !
b1000100100100 3
b0 4
b10010011010111 1
b1110010011111011 7
b1000100100100 8
b11110010011111011010111101010011 5
b1000100100100111111110110010 6
1%
#8660
0%
b1101100001 *
#8665
b1110100100100010 "
b1110100100100010 2
b1011001100010 !
b1011001100010 3
b1100111111000 1
b1110100100100010 7
b1011001100010 8
b11110100100100010011110100010000 5
b1011001100010010001101100001 6
1%
#8670
0%
b1101100010 *
#8675
b1110111001001001 "
b1110111001001001 2
b1101010100101 !
b1101010100101 3
b100000011010110 1
b1110111001001001 7
b1101010100101 8
b11110111001001001010001100000010 5
b1101010100101111100000001110 6
1%
#8680
0%
b1101100011 *
#8685
b1111010000110110 "
b1111010000110110 2
b1110110111110 !
b1110110111110 3
b110101110011000 1
b1111010000110110 7
b1110110111110 8
b11111010000110110010010100000101 5
b1110110111110110110110111111 6
1%
#8690
0%
b1101100100 *
#8695
b1111101010100111 "
b1111101010100111 2
b1111110001011 !
b1111110001011 3
b111000110010110 1
b1111101010100111 7
b1111110001011 8
b11111101010100111000001001111110 5
b1111110001011000111101111010 6
1%
#8700
0%
b1101100101 *
#8705
b101010011 "
b101010011 2
b1111111110111 !
b1111111110111 3
b111111011000110 1
b101010011 7
b1111111110111 8
b101010011110101100101011 5
b1111111110111001100011010001 6
1%
#8710
0%
b1101100110 *
#8715
b11111110000 "
b11111110000 2
b1111011111101 !
b1111011111101 3
b1011100011110111 1
b11111110000 7
b1111011111101 8
b11111110000111110001010111 5
b1111011111101101101101000101 6
1%
#8720
0%
b1101100111 *
#8725
b111000110100 "
b111000110100 2
b1110010101001 !
b1110010101001 3
b1101110111011111 1
b111000110100 7
b1110010101001 8
b111000110100111111111101001 5
b1110010101001001011000110100 6
1%
#8730
0%
b1101101000 *
#8735
b1001111011010 "
b1001111011010 2
b1100100010100 !
b1100100010100 3
b1 4
b10000000011001100 1
b1001111011010 7
b1100100010100 8
b1001111011010001100000001111 5
b1100100010100111001010000100 6
1%
#8740
0%
b1101101001 *
#8745
b1100010100001 "
b1100010100001 2
b1010001100111 !
b1010001100111 3
b10010100101001110 1
b1100010100001 7
b1010001100111 8
b1100010100001111110000101101 5
b1010001100111001111111000101 6
1%
#8750
0%
b1101101010 *
#8755
b1110001010101 "
b1110001010101 2
b111011010110 !
b111011010110 3
b10100111010001110 1
b1110001010101 7
b111011010101 8
b1110001010101011001100110100 5
b111011010110000101000000100 6
1%
#8760
0%
b1101101011 *
#8765
b1111011001100 "
b1111011001100 2
b100010011111 !
b100010011111 3
b10100101111101100 1
b1111011001100 7
b100010011110 8
b1111011001100011011001001110 5
b100010011111000011111110101 6
1%
#8770
0%
b1101101100 *
#8775
b1111111101010 "
b1111111101010 2
b1000000111 !
b1000000111 3
b10110000111101011 1
b1111111101010 7
b1000000111 8
b1111111101010110110011011101 5
b1000000111100101000110111 6
1%
#8780
0%
b1101101101 *
#8785
b1111110100011 "
b1111110100011 2
b1111101101011000 !
b1111101101011000 3
b10110111111110111 1
b1111110100011 7
b1111101101011000 8
b1111110100011101000101110110 5
b11111101101011000111100101000010 6
1%
#8790
0%
b1101101110 *
#8795
b1110111111010 "
b1110111111010 2
b1111010011011110 !
b1111010011011110 3
b10111011101011000 1
b1110111111010 7
b1111010011011110 8
b1110111111010011011100001110 5
b11111010011011110000010111000111 6
1%
#8800
0%
b1101101111 *
#8805
b1101100000001 "
b1101100000001 2
b1110111011100000 !
b1110111011100000 3
b11000010111111111 1
b1101100000001 7
b1110111011100000 8
b1101100000001111101111101111 5
b11110111011100000100101110100110 6
1%
#8810
0%
b1101110000 *
#8815
b1011011011010 "
b1011011011010 2
b1110100110100010 !
b1110100110100010 3
b11000001111011000 1
b1011011011010 7
b1110100110100010 8
b1011011011010100111101101110 5
b11110100110100010010010110000101 6
1%
#8820
0%
b1101110001 *
#8825
b1000110110011 "
b1000110110011 2
b1110010101011110 !
b1110010101011110 3
b10110111001010011 1
b1000110110011 7
b1110010101011110 8
b1000110110011110010001010101 5
b11110010101011110100110010010100 6
1%
#8830
0%
b1101110010 *
#8835
b101111000110 "
b101111000110 2
b1110001001000100 !
b1110001001000100 3
b10100000011001100 1
b101111000110 7
b1110001001000100 8
b101111000110100000111001000 5
b11110001001000100101011010010101 6
1%
#8840
0%
b1101110011 *
#8845
b10101010101 "
b10101010101 2
b1110000001110111 !
b1110000001110111 3
b10001101001110110 1
b10101010101 7
b1110000001110111 8
b10101010101100001101000001 5
b11110000001110111011010111011001 6
1%
#8850
0%
b1101110100 *
#8855
b1111111010101000 "
b1111111010101000 2
b1110000000001011 !
b1110000000001011 3
b0 4
b1111000101000111 1
b1111111010101000 7
b1110000000001011 8
b11111111010101000101010100111111 5
b11110000000001011100110000001011 6
1%
#8860
0%
b1101110101 *
#8865
b1111100000001010 "
b1111100000001010 2
b1110000100000101 !
b1110000100000101 3
b1101010110000011 1
b1111100000001010 7
b1110000100000101 8
b11111100000001010100011011011111 5
b11110000100000101010010000110100 6
1%
#8870
0%
b1101110110 *
#8875
b1111000111000101 "
b1111000111000101 2
b1110001101011010 !
b1110001101011010 3
b1100001011000011 1
b1111000111000101 7
b1110001101011010 8
b11111000111000101100011000011001 5
b11110001101011010000001111100010 6
1%
#8880
0%
b1101110111 *
#8885
b1110110000011111 "
b1110110000011111 2
b1110011011101111 !
b1110011011101111 3
b1000000100011110 1
b1110110000011111 7
b1110011011101111 8
b11110110000011111101111100110110 5
b11110011011101111101100001110111 6
1%
#8890
0%
b1101111000 *
#8895
b1110011101010111 "
b1110011101010111 2
b1110101110011101 !
b1110101110011101 3
b100001000100110 1
b1110011101010111 7
b1110101110011101 8
b11110011101010111111111111011111 5
b11110101110011101010011010001001 6
1%
#8900
0%
b1101111001 *
#8905
b1110001110100100 "
b1110001110100100 2
b1111000100101111 !
b1111000100101111 3
b1111111111111111 4
b11111111111111111111111110010110 1
b1110001110100011 7
b1111000100101111 8
b11110001110100100000011001010010 5
b11111000100101111101110101011010 6
1%
#8910
0%
b1101111010 *
#8915
b1110000100101110 "
b1110000100101110 2
b1111011101100111 !
b1111011101100111 3
b0 4
b11000001001011 1
b1110000100101110 7
b1111011101100111 8
b11110000100101110000000100100011 5
b11111011101100111010110011111000 6
1%
#8920
0%
b1101111011 *
#8925
b1110000000010001 "
b1110000000010001 2
b1111110111111111 !
b1111110111111111 3
b1111111111111111 4
b11111111111111111111101011111111 1
b1110000000010000 7
b1111110111111111 8
b11110000000010001000001101110011 5
b11111110111111111100100010110111 6
1%
#8930
0%
b1101111100 *
#8935
b1110000001011000 "
b1110000001011000 2
b10010101101 !
b10010101101 3
b0 4
b10011010111 1
b1110000001011000 7
b10010101101 8
b11110000001011000111101111010111 5
b10010101101111011001011111 6
1%
#8940
0%
b1101111101 *
#8945
b1110001000000010 "
b1110001000000010 2
b101100100111 !
b101100100111 3
b1111111111111111 4
b11111111111111111101110000001110 1
b1110001000000001 7
b101100100111 8
b11110001000000010001011111111000 5
b101100100111101101100000101 6
1%
#8950
0%
b1101111110 *
#8955
b1110010011111011 "
b1110010011111011 2
b1000100100100 !
b1000100100100 3
b0 4
b10010011010111 1
b1110010011111011 7
b1000100100100 8
b11110010011111011010111101010011 5
b1000100100100111111110110010 6
1%
#8960
0%
b1101111111 *
#8965
b1110100100100010 "
b1110100100100010 2
b1011001100010 !
b1011001100010 3
b1100111111000 1
b1110100100100010 7
b1011001100010 8
b11110100100100010011110100010000 5
b1011001100010010001101100001 6
1%
#8970
0%
b1110000000 *
#8975
b1110111001001001 "
b1110111001001001 2
b1101010100101 !
b1101010100101 3
b100000011010110 1
b1110111001001001 7
b1101010100101 8
b11110111001001001010001100000010 5
b1101010100101111100000001110 6
1%
#8980
0%
b1110000001 *
#8985
b1111010000110110 "
b1111010000110110 2
b1110110111110 !
b1110110111110 3
b110101110011000 1
b1111010000110110 7
b1110110111110 8
b11111010000110110010010100000101 5
b1110110111110110110110111111 6
1%
#8990
0%
b1110000010 *
#8995
b1111101010100111 "
b1111101010100111 2
b1111110001011 !
b1111110001011 3
b111000110010110 1
b1111101010100111 7
b1111110001011 8
b11111101010100111000001001111110 5
b1111110001011000111101111010 6
1%
#9000
0%
b1110000011 *
#9005
b101010011 "
b101010011 2
b1111111110111 !
b1111111110111 3
b111111011000110 1
b101010011 7
b1111111110111 8
b101010011110101100101011 5
b1111111110111001100011010001 6
1%
#9010
0%
b1110000100 *
#9015
b11111110000 "
b11111110000 2
b1111011111101 !
b1111011111101 3
b1011100011110111 1
b11111110000 7
b1111011111101 8
b11111110000111110001010111 5
b1111011111101101101101000101 6
1%
#9020
0%
b1110000101 *
#9025
b111000110100 "
b111000110100 2
b1110010101001 !
b1110010101001 3
b1101110111011111 1
b111000110100 7
b1110010101001 8
b111000110100111111111101001 5
b1110010101001001011000110100 6
1%
#9030
0%
b1110000110 *
#9035
b1001111011010 "
b1001111011010 2
b1100100010100 !
b1100100010100 3
b1 4
b10000000011001100 1
b1001111011010 7
b1100100010100 8
b1001111011010001100000001111 5
b1100100010100111001010000100 6
1%
#9040
0%
b1110000111 *
#9045
b1100010100001 "
b1100010100001 2
b1010001100111 !
b1010001100111 3
b10010100101001110 1
b1100010100001 7
b1010001100111 8
b1100010100001111110000101101 5
b1010001100111001111111000101 6
1%
#9050
0%
b1110001000 *
#9055
b1110001010101 "
b1110001010101 2
b111011010110 !
b111011010110 3
b10100111010001110 1
b1110001010101 7
b111011010101 8
b1110001010101011001100110100 5
b111011010110000101000000100 6
1%
#9060
0%
b1110001001 *
#9065
b1111011001100 "
b1111011001100 2
b100010011111 !
b100010011111 3
b10100101111101100 1
b1111011001100 7
b100010011110 8
b1111011001100011011001001110 5
b100010011111000011111110101 6
1%
#9070
0%
b1110001010 *
#9075
b1111111101010 "
b1111111101010 2
b1000000111 !
b1000000111 3
b10110000111101011 1
b1111111101010 7
b1000000111 8
b1111111101010110110011011101 5
b1000000111100101000110111 6
1%
#9080
0%
b1110001011 *
#9085
b1111110100011 "
b1111110100011 2
b1111101101011000 !
b1111101101011000 3
b10110111111110111 1
b1111110100011 7
b1111101101011000 8
b1111110100011101000101110110 5
b11111101101011000111100101000010 6
1%
#9090
0%
b1110001100 *
#9095
b1110111111010 "
b1110111111010 2
b1111010011011110 !
b1111010011011110 3
b10111011101011000 1
b1110111111010 7
b1111010011011110 8
b1110111111010011011100001110 5
b11111010011011110000010111000111 6
1%
#9100
0%
b1110001101 *
#9105
b1101100000001 "
b1101100000001 2
b1110111011100000 !
b1110111011100000 3
b11000010111111111 1
b1101100000001 7
b1110111011100000 8
b1101100000001111101111101111 5
b11110111011100000100101110100110 6
1%
#9110
0%
b1110001110 *
#9115
b1011011011010 "
b1011011011010 2
b1110100110100010 !
b1110100110100010 3
b11000001111011000 1
b1011011011010 7
b1110100110100010 8
b1011011011010100111101101110 5
b11110100110100010010010110000101 6
1%
#9120
0%
b1110001111 *
#9125
b1000110110011 "
b1000110110011 2
b1110010101011110 !
b1110010101011110 3
b10110111001010011 1
b1000110110011 7
b1110010101011110 8
b1000110110011110010001010101 5
b11110010101011110100110010010100 6
1%
#9130
0%
b1110010000 *
#9135
b101111000110 "
b101111000110 2
b1110001001000100 !
b1110001001000100 3
b10100000011001100 1
b101111000110 7
b1110001001000100 8
b101111000110100000111001000 5
b11110001001000100101011010010101 6
1%
#9140
0%
b1110010001 *
#9145
b10101010101 "
b10101010101 2
b1110000001110111 !
b1110000001110111 3
b10001101001110110 1
b10101010101 7
b1110000001110111 8
b10101010101100001101000001 5
b11110000001110111011010111011001 6
1%
#9150
0%
b1110010010 *
#9155
b1111111010101000 "
b1111111010101000 2
b1110000000001011 !
b1110000000001011 3
b0 4
b1111000101000111 1
b1111111010101000 7
b1110000000001011 8
b11111111010101000101010100111111 5
b11110000000001011100110000001011 6
1%
#9160
0%
b1110010011 *
#9165
b1111100000001010 "
b1111100000001010 2
b1110000100000101 !
b1110000100000101 3
b1101010110000011 1
b1111100000001010 7
b1110000100000101 8
b11111100000001010100011011011111 5
b11110000100000101010010000110100 6
1%
#9170
0%
b1110010100 *
#9175
b1111000111000101 "
b1111000111000101 2
b1110001101011010 !
b1110001101011010 3
b1100001011000011 1
b1111000111000101 7
b1110001101011010 8
b11111000111000101100011000011001 5
b11110001101011010000001111100010 6
1%
#9180
0%
b1110010101 *
#9185
b1110110000011111 "
b1110110000011111 2
b1110011011101111 !
b1110011011101111 3
b1000000100011110 1
b1110110000011111 7
b1110011011101111 8
b11110110000011111101111100110110 5
b11110011011101111101100001110111 6
1%
#9190
0%
b1110010110 *
#9195
b1110011101010111 "
b1110011101010111 2
b1110101110011101 !
b1110101110011101 3
b100001000100110 1
b1110011101010111 7
b1110101110011101 8
b11110011101010111111111111011111 5
b11110101110011101010011010001001 6
1%
#9200
0%
b1110010111 *
#9205
b1110001110100100 "
b1110001110100100 2
b1111000100101111 !
b1111000100101111 3
b1111111111111111 4
b11111111111111111111111110010110 1
b1110001110100011 7
b1111000100101111 8
b11110001110100100000011001010010 5
b11111000100101111101110101011010 6
1%
#9210
0%
b1110011000 *
#9215
b1110000100101110 "
b1110000100101110 2
b1111011101100111 !
b1111011101100111 3
b0 4
b11000001001011 1
b1110000100101110 7
b1111011101100111 8
b11110000100101110000000100100011 5
b11111011101100111010110011111000 6
1%
#9220
0%
b1110011001 *
#9225
b1110000000010001 "
b1110000000010001 2
b1111110111111111 !
b1111110111111111 3
b1111111111111111 4
b11111111111111111111101011111111 1
b1110000000010000 7
b1111110111111111 8
b11110000000010001000001101110011 5
b11111110111111111100100010110111 6
1%
#9230
0%
b1110011010 *
#9235
b1110000001011000 "
b1110000001011000 2
b10010101101 !
b10010101101 3
b0 4
b10011010111 1
b1110000001011000 7
b10010101101 8
b11110000001011000111101111010111 5
b10010101101111011001011111 6
1%
#9240
0%
b1110011011 *
#9245
b1110001000000010 "
b1110001000000010 2
b101100100111 !
b101100100111 3
b1111111111111111 4
b11111111111111111101110000001110 1
b1110001000000001 7
b101100100111 8
b11110001000000010001011111111000 5
b101100100111101101100000101 6
1%
#9250
0%
b1110011100 *
#9255
b1110010011111011 "
b1110010011111011 2
b1000100100100 !
b1000100100100 3
b0 4
b10010011010111 1
b1110010011111011 7
b1000100100100 8
b11110010011111011010111101010011 5
b1000100100100111111110110010 6
1%
#9260
0%
b1110011101 *
#9265
b1110100100100010 "
b1110100100100010 2
b1011001100010 !
b1011001100010 3
b1100111111000 1
b1110100100100010 7
b1011001100010 8
b11110100100100010011110100010000 5
b1011001100010010001101100001 6
1%
#9270
0%
b1110011110 *
#9275
b1110111001001001 "
b1110111001001001 2
b1101010100101 !
b1101010100101 3
b100000011010110 1
b1110111001001001 7
b1101010100101 8
b11110111001001001010001100000010 5
b1101010100101111100000001110 6
1%
#9280
0%
b1110011111 *
#9285
b1111010000110110 "
b1111010000110110 2
b1110110111110 !
b1110110111110 3
b110101110011000 1
b1111010000110110 7
b1110110111110 8
b11111010000110110010010100000101 5
b1110110111110110110110111111 6
1%
#9290
0%
b1110100000 *
#9295
b1111101010100111 "
b1111101010100111 2
b1111110001011 !
b1111110001011 3
b111000110010110 1
b1111101010100111 7
b1111110001011 8
b11111101010100111000001001111110 5
b1111110001011000111101111010 6
1%
#9300
0%
b1110100001 *
#9305
b101010011 "
b101010011 2
b1111111110111 !
b1111111110111 3
b111111011000110 1
b101010011 7
b1111111110111 8
b101010011110101100101011 5
b1111111110111001100011010001 6
1%
#9310
0%
b1110100010 *
#9315
b11111110000 "
b11111110000 2
b1111011111101 !
b1111011111101 3
b1011100011110111 1
b11111110000 7
b1111011111101 8
b11111110000111110001010111 5
b1111011111101101101101000101 6
1%
#9320
0%
b1110100011 *
#9325
b111000110100 "
b111000110100 2
b1110010101001 !
b1110010101001 3
b1101110111011111 1
b111000110100 7
b1110010101001 8
b111000110100111111111101001 5
b1110010101001001011000110100 6
1%
#9330
0%
b1110100100 *
#9335
b1001111011010 "
b1001111011010 2
b1100100010100 !
b1100100010100 3
b1 4
b10000000011001100 1
b1001111011010 7
b1100100010100 8
b1001111011010001100000001111 5
b1100100010100111001010000100 6
1%
#9340
0%
b1110100101 *
#9345
b1100010100001 "
b1100010100001 2
b1010001100111 !
b1010001100111 3
b10010100101001110 1
b1100010100001 7
b1010001100111 8
b1100010100001111110000101101 5
b1010001100111001111111000101 6
1%
#9350
0%
b1110100110 *
#9355
b1110001010101 "
b1110001010101 2
b111011010110 !
b111011010110 3
b10100111010001110 1
b1110001010101 7
b111011010101 8
b1110001010101011001100110100 5
b111011010110000101000000100 6
1%
#9360
0%
b1110100111 *
#9365
b1111011001100 "
b1111011001100 2
b100010011111 !
b100010011111 3
b10100101111101100 1
b1111011001100 7
b100010011110 8
b1111011001100011011001001110 5
b100010011111000011111110101 6
1%
#9370
0%
b1110101000 *
#9375
b1111111101010 "
b1111111101010 2
b1000000111 !
b1000000111 3
b10110000111101011 1
b1111111101010 7
b1000000111 8
b1111111101010110110011011101 5
b1000000111100101000110111 6
1%
#9380
0%
b1110101001 *
#9385
b1111110100011 "
b1111110100011 2
b1111101101011000 !
b1111101101011000 3
b10110111111110111 1
b1111110100011 7
b1111101101011000 8
b1111110100011101000101110110 5
b11111101101011000111100101000010 6
1%
#9390
0%
b1110101010 *
#9395
b1110111111010 "
b1110111111010 2
b1111010011011110 !
b1111010011011110 3
b10111011101011000 1
b1110111111010 7
b1111010011011110 8
b1110111111010011011100001110 5
b11111010011011110000010111000111 6
1%
#9400
0%
b1110101011 *
#9405
b1101100000001 "
b1101100000001 2
b1110111011100000 !
b1110111011100000 3
b11000010111111111 1
b1101100000001 7
b1110111011100000 8
b1101100000001111101111101111 5
b11110111011100000100101110100110 6
1%
#9410
0%
b1110101100 *
#9415
b1011011011010 "
b1011011011010 2
b1110100110100010 !
b1110100110100010 3
b11000001111011000 1
b1011011011010 7
b1110100110100010 8
b1011011011010100111101101110 5
b11110100110100010010010110000101 6
1%
#9420
0%
b1110101101 *
#9425
b1000110110011 "
b1000110110011 2
b1110010101011110 !
b1110010101011110 3
b10110111001010011 1
b1000110110011 7
b1110010101011110 8
b1000110110011110010001010101 5
b11110010101011110100110010010100 6
1%
#9430
0%
b1110101110 *
#9435
b101111000110 "
b101111000110 2
b1110001001000100 !
b1110001001000100 3
b10100000011001100 1
b101111000110 7
b1110001001000100 8
b101111000110100000111001000 5
b11110001001000100101011010010101 6
1%
#9440
0%
b1110101111 *
#9445
b10101010101 "
b10101010101 2
b1110000001110111 !
b1110000001110111 3
b10001101001110110 1
b10101010101 7
b1110000001110111 8
b10101010101100001101000001 5
b11110000001110111011010111011001 6
1%
#9450
0%
b1110110000 *
#9455
b1111111010101000 "
b1111111010101000 2
b1110000000001011 !
b1110000000001011 3
b0 4
b1111000101000111 1
b1111111010101000 7
b1110000000001011 8
b11111111010101000101010100111111 5
b11110000000001011100110000001011 6
1%
#9460
0%
b1110110001 *
#9465
b1111100000001010 "
b1111100000001010 2
b1110000100000101 !
b1110000100000101 3
b1101010110000011 1
b1111100000001010 7
b1110000100000101 8
b11111100000001010100011011011111 5
b11110000100000101010010000110100 6
1%
#9470
0%
b1110110010 *
#9475
b1111000111000101 "
b1111000111000101 2
b1110001101011010 !
b1110001101011010 3
b1100001011000011 1
b1111000111000101 7
b1110001101011010 8
b11111000111000101100011000011001 5
b11110001101011010000001111100010 6
1%
#9480
0%
b1110110011 *
#9485
b1110110000011111 "
b1110110000011111 2
b1110011011101111 !
b1110011011101111 3
b1000000100011110 1
b1110110000011111 7
b1110011011101111 8
b11110110000011111101111100110110 5
b11110011011101111101100001110111 6
1%
#9490
0%
b1110110100 *
#9495
b1110011101010111 "
b1110011101010111 2
b1110101110011101 !
b1110101110011101 3
b100001000100110 1
b1110011101010111 7
b1110101110011101 8
b11110011101010111111111111011111 5
b11110101110011101010011010001001 6
1%
#9500
0%
b1110110101 *
#9505
b1110001110100100 "
b1110001110100100 2
b1111000100101111 !
b1111000100101111 3
b1111111111111111 4
b11111111111111111111111110010110 1
b1110001110100011 7
b1111000100101111 8
b11110001110100100000011001010010 5
b11111000100101111101110101011010 6
1%
#9510
0%
b1110110110 *
#9515
b1110000100101110 "
b1110000100101110 2
b1111011101100111 !
b1111011101100111 3
b0 4
b11000001001011 1
b1110000100101110 7
b1111011101100111 8
b11110000100101110000000100100011 5
b11111011101100111010110011111000 6
1%
#9520
0%
b1110110111 *
#9525
b1110000000010001 "
b1110000000010001 2
b1111110111111111 !
b1111110111111111 3
b1111111111111111 4
b11111111111111111111101011111111 1
b1110000000010000 7
b1111110111111111 8
b11110000000010001000001101110011 5
b11111110111111111100100010110111 6
1%
#9530
0%
b1110111000 *
#9535
b1110000001011000 "
b1110000001011000 2
b10010101101 !
b10010101101 3
b0 4
b10011010111 1
b1110000001011000 7
b10010101101 8
b11110000001011000111101111010111 5
b10010101101111011001011111 6
1%
#9540
0%
b1110111001 *
#9545
b1110001000000010 "
b1110001000000010 2
b101100100111 !
b101100100111 3
b1111111111111111 4
b11111111111111111101110000001110 1
b1110001000000001 7
b101100100111 8
b11110001000000010001011111111000 5
b101100100111101101100000101 6
1%
#9550
0%
b1110111010 *
#9555
b1110010011111011 "
b1110010011111011 2
b1000100100100 !
b1000100100100 3
b0 4
b10010011010111 1
b1110010011111011 7
b1000100100100 8
b11110010011111011010111101010011 5
b1000100100100111111110110010 6
1%
#9560
0%
b1110111011 *
#9565
b1110100100100010 "
b1110100100100010 2
b1011001100010 !
b1011001100010 3
b1100111111000 1
b1110100100100010 7
b1011001100010 8
b11110100100100010011110100010000 5
b1011001100010010001101100001 6
1%
#9570
0%
b1110111100 *
#9575
b1110111001001001 "
b1110111001001001 2
b1101010100101 !
b1101010100101 3
b100000011010110 1
b1110111001001001 7
b1101010100101 8
b11110111001001001010001100000010 5
b1101010100101111100000001110 6
1%
#9580
0%
b1110111101 *
#9585
b1111010000110110 "
b1111010000110110 2
b1110110111110 !
b1110110111110 3
b110101110011000 1
b1111010000110110 7
b1110110111110 8
b11111010000110110010010100000101 5
b1110110111110110110110111111 6
1%
#9590
0%
b1110111110 *
#9595
b1111101010100111 "
b1111101010100111 2
b1111110001011 !
b1111110001011 3
b111000110010110 1
b1111101010100111 7
b1111110001011 8
b11111101010100111000001001111110 5
b1111110001011000111101111010 6
1%
#9600
0%
b1110111111 *
#9605
b101010011 "
b101010011 2
b1111111110111 !
b1111111110111 3
b111111011000110 1
b101010011 7
b1111111110111 8
b101010011110101100101011 5
b1111111110111001100011010001 6
1%
#9610
0%
b1111000000 *
#9615
b11111110000 "
b11111110000 2
b1111011111101 !
b1111011111101 3
b1011100011110111 1
b11111110000 7
b1111011111101 8
b11111110000111110001010111 5
b1111011111101101101101000101 6
1%
#9620
0%
b1111000001 *
#9625
b111000110100 "
b111000110100 2
b1110010101001 !
b1110010101001 3
b1101110111011111 1
b111000110100 7
b1110010101001 8
b111000110100111111111101001 5
b1110010101001001011000110100 6
1%
#9630
0%
b1111000010 *
#9635
b1001111011010 "
b1001111011010 2
b1100100010100 !
b1100100010100 3
b1 4
b10000000011001100 1
b1001111011010 7
b1100100010100 8
b1001111011010001100000001111 5
b1100100010100111001010000100 6
1%
#9640
0%
b1111000011 *
#9645
b1100010100001 "
b1100010100001 2
b1010001100111 !
b1010001100111 3
b10010100101001110 1
b1100010100001 7
b1010001100111 8
b1100010100001111110000101101 5
b1010001100111001111111000101 6
1%
#9650
0%
b1111000100 *
#9655
b1110001010101 "
b1110001010101 2
b111011010110 !
b111011010110 3
b10100111010001110 1
b1110001010101 7
b111011010101 8
b1110001010101011001100110100 5
b111011010110000101000000100 6
1%
#9660
0%
b1111000101 *
#9665
b1111011001100 "
b1111011001100 2
b100010011111 !
b100010011111 3
b10100101111101100 1
b1111011001100 7
b100010011110 8
b1111011001100011011001001110 5
b100010011111000011111110101 6
1%
#9670
0%
b1111000110 *
#9675
b1111111101010 "
b1111111101010 2
b1000000111 !
b1000000111 3
b10110000111101011 1
b1111111101010 7
b1000000111 8
b1111111101010110110011011101 5
b1000000111100101000110111 6
1%
#9680
0%
b1111000111 *
#9685
b1111110100011 "
b1111110100011 2
b1111101101011000 !
b1111101101011000 3
b10110111111110111 1
b1111110100011 7
b1111101101011000 8
b1111110100011101000101110110 5
b11111101101011000111100101000010 6
1%
#9690
0%
b1111001000 *
#9695
b1110111111010 "
b1110111111010 2
b1111010011011110 !
b1111010011011110 3
b10111011101011000 1
b1110111111010 7
b1111010011011110 8
b1110111111010011011100001110 5
b11111010011011110000010111000111 6
1%
#9700
0%
b1111001001 *
#9705
b1101100000001 "
b1101100000001 2
b1110111011100000 !
b1110111011100000 3
b11000010111111111 1
b1101100000001 7
b1110111011100000 8
b1101100000001111101111101111 5
b11110111011100000100101110100110 6
1%
#9710
0%
b1111001010 *
#9715
b1011011011010 "
b1011011011010 2
b1110100110100010 !
b1110100110100010 3
b11000001111011000 1
b1011011011010 7
b1110100110100010 8
b1011011011010100111101101110 5
b11110100110100010010010110000101 6
1%
#9720
0%
b1111001011 *
#9725
b1000110110011 "
b1000110110011 2
b1110010101011110 !
b1110010101011110 3
b10110111001010011 1
b1000110110011 7
b1110010101011110 8
b1000110110011110010001010101 5
b11110010101011110100110010010100 6
1%
#9730
0%
b1111001100 *
#9735
b101111000110 "
b101111000110 2
b1110001001000100 !
b1110001001000100 3
b10100000011001100 1
b101111000110 7
b1110001001000100 8
b101111000110100000111001000 5
b11110001001000100101011010010101 6
1%
#9740
0%
b1111001101 *
#9745
b10101010101 "
b10101010101 2
b1110000001110111 !
b1110000001110111 3
b10001101001110110 1
b10101010101 7
b1110000001110111 8
b10101010101100001101000001 5
b11110000001110111011010111011001 6
1%
#9750
0%
b1111001110 *
#9755
b1111111010101000 "
b1111111010101000 2
b1110000000001011 !
b1110000000001011 3
b0 4
b1111000101000111 1
b1111111010101000 7
b1110000000001011 8
b11111111010101000101010100111111 5
b11110000000001011100110000001011 6
1%
#9760
0%
b1111001111 *
#9765
b1111100000001010 "
b1111100000001010 2
b1110000100000101 !
b1110000100000101 3
b1101010110000011 1
b1111100000001010 7
b1110000100000101 8
b11111100000001010100011011011111 5
b11110000100000101010010000110100 6
1%
#9770
0%
b1111010000 *
#9775
b1111000111000101 "
b1111000111000101 2
b1110001101011010 !
b1110001101011010 3
b1100001011000011 1
b1111000111000101 7
b1110001101011010 8
b11111000111000101100011000011001 5
b11110001101011010000001111100010 6
1%
#9780
0%
b1111010001 *
#9785
b1110110000011111 "
b1110110000011111 2
b1110011011101111 !
b1110011011101111 3
b1000000100011110 1
b1110110000011111 7
b1110011011101111 8
b11110110000011111101111100110110 5
b11110011011101111101100001110111 6
1%
#9790
0%
b1111010010 *
#9795
b1110011101010111 "
b1110011101010111 2
b1110101110011101 !
b1110101110011101 3
b100001000100110 1
b1110011101010111 7
b1110101110011101 8
b11110011101010111111111111011111 5
b11110101110011101010011010001001 6
1%
#9800
0%
b1111010011 *
#9805
b1110001110100100 "
b1110001110100100 2
b1111000100101111 !
b1111000100101111 3
b1111111111111111 4
b11111111111111111111111110010110 1
b1110001110100011 7
b1111000100101111 8
b11110001110100100000011001010010 5
b11111000100101111101110101011010 6
1%
#9810
0%
b1111010100 *
#9815
b1110000100101110 "
b1110000100101110 2
b1111011101100111 !
b1111011101100111 3
b0 4
b11000001001011 1
b1110000100101110 7
b1111011101100111 8
b11110000100101110000000100100011 5
b11111011101100111010110011111000 6
1%
#9820
0%
b1111010101 *
#9825
b1110000000010001 "
b1110000000010001 2
b1111110111111111 !
b1111110111111111 3
b1111111111111111 4
b11111111111111111111101011111111 1
b1110000000010000 7
b1111110111111111 8
b11110000000010001000001101110011 5
b11111110111111111100100010110111 6
1%
#9830
0%
b1111010110 *
#9835
b1110000001011000 "
b1110000001011000 2
b10010101101 !
b10010101101 3
b0 4
b10011010111 1
b1110000001011000 7
b10010101101 8
b11110000001011000111101111010111 5
b10010101101111011001011111 6
1%
#9840
0%
b1111010111 *
#9845
b1110001000000010 "
b1110001000000010 2
b101100100111 !
b101100100111 3
b1111111111111111 4
b11111111111111111101110000001110 1
b1110001000000001 7
b101100100111 8
b11110001000000010001011111111000 5
b101100100111101101100000101 6
1%
#9850
0%
b1111011000 *
#9855
b1110010011111011 "
b1110010011111011 2
b1000100100100 !
b1000100100100 3
b0 4
b10010011010111 1
b1110010011111011 7
b1000100100100 8
b11110010011111011010111101010011 5
b1000100100100111111110110010 6
1%
#9860
0%
b1111011001 *
#9865
b1110100100100010 "
b1110100100100010 2
b1011001100010 !
b1011001100010 3
b1100111111000 1
b1110100100100010 7
b1011001100010 8
b11110100100100010011110100010000 5
b1011001100010010001101100001 6
1%
#9870
0%
b1111011010 *
#9875
b1110111001001001 "
b1110111001001001 2
b1101010100101 !
b1101010100101 3
b100000011010110 1
b1110111001001001 7
b1101010100101 8
b11110111001001001010001100000010 5
b1101010100101111100000001110 6
1%
#9880
0%
b1111011011 *
#9885
b1111010000110110 "
b1111010000110110 2
b1110110111110 !
b1110110111110 3
b110101110011000 1
b1111010000110110 7
b1110110111110 8
b11111010000110110010010100000101 5
b1110110111110110110110111111 6
1%
#9890
0%
b1111011100 *
#9895
b1111101010100111 "
b1111101010100111 2
b1111110001011 !
b1111110001011 3
b111000110010110 1
b1111101010100111 7
b1111110001011 8
b11111101010100111000001001111110 5
b1111110001011000111101111010 6
1%
#9900
0%
b1111011101 *
#9905
b101010011 "
b101010011 2
b1111111110111 !
b1111111110111 3
b111111011000110 1
b101010011 7
b1111111110111 8
b101010011110101100101011 5
b1111111110111001100011010001 6
1%
#9910
0%
b1111011110 *
#9915
b11111110000 "
b11111110000 2
b1111011111101 !
b1111011111101 3
b1011100011110111 1
b11111110000 7
b1111011111101 8
b11111110000111110001010111 5
b1111011111101101101101000101 6
1%
#9920
0%
b1111011111 *
#9925
b111000110100 "
b111000110100 2
b1110010101001 !
b1110010101001 3
b1101110111011111 1
b111000110100 7
b1110010101001 8
b111000110100111111111101001 5
b1110010101001001011000110100 6
1%
#9930
0%
b1111100000 *
#9935
b1001111011010 "
b1001111011010 2
b1100100010100 !
b1100100010100 3
b1 4
b10000000011001100 1
b1001111011010 7
b1100100010100 8
b1001111011010001100000001111 5
b1100100010100111001010000100 6
1%
#9940
0%
b1111100001 *
#9945
b1100010100001 "
b1100010100001 2
b1010001100111 !
b1010001100111 3
b10010100101001110 1
b1100010100001 7
b1010001100111 8
b1100010100001111110000101101 5
b1010001100111001111111000101 6
1%
#9950
0%
b1111100010 *
#9955
b1110001010101 "
b1110001010101 2
b111011010110 !
b111011010110 3
b10100111010001110 1
b1110001010101 7
b111011010101 8
b1110001010101011001100110100 5
b111011010110000101000000100 6
1%
#9960
0%
b1111100011 *
#9965
b1111011001100 "
b1111011001100 2
b100010011111 !
b100010011111 3
b10100101111101100 1
b1111011001100 7
b100010011110 8
b1111011001100011011001001110 5
b100010011111000011111110101 6
1%
#9970
0%
b1111100100 *
#9975
b1111111101010 "
b1111111101010 2
b1000000111 !
b1000000111 3
b10110000111101011 1
b1111111101010 7
b1000000111 8
b1111111101010110110011011101 5
b1000000111100101000110111 6
1%
#9980
0%
b1111100101 *
#9985
b1111110100011 "
b1111110100011 2
b1111101101011000 !
b1111101101011000 3
b10110111111110111 1
b1111110100011 7
b1111101101011000 8
b1111110100011101000101110110 5
b11111101101011000111100101000010 6
1%
#9990
0%
b1111100110 *
#9995
b1110111111010 "
b1110111111010 2
b1111010011011110 !
b1111010011011110 3
b10111011101011000 1
b1110111111010 7
b1111010011011110 8
b1110111111010011011100001110 5
b11111010011011110000010111000111 6
1%
#10000
0%
b1111100111 *
#10005
b1101100000001 "
b1101100000001 2
b1110111011100000 !
b1110111011100000 3
b11000010111111111 1
b1101100000001 7
b1110111011100000 8
b1101100000001111101111101111 5
b11110111011100000100101110100110 6
1%
#10010
0%
b1111101000 *
